Hours_Studied,Sleep_Hours,Sample_Question_Papers_Practiced,Extracurricular_Activities,Previous_Scores,Math_Score,Reading_Score,Writing_Score,Performance_Index
5,8,2,No,71.64340735953637,96.0,91.91481049404888,69.19329274588144,51
2,4,8,Yes,44.91856090883713,79.53934091710408,94.11003122664862,65.32501187147953,20
7,7,5,Yes,59.39741955139591,79.05794284739777,73.87524930680618,47.4924449510059,46
6,8,5,Yes,40.607928707402365,67.18057884859157,63.08948802889748,61.699577508604094,28
7,4,6,No,48.50224269632231,68.17391613632626,56.31243456743734,69.17334261357124,41
9,4,7,No,61.08485740699802,94.00788608353488,68.36927578342977,94.61856000771245,59
6,4,1,Yes,66.38782379405718,82.88810386399722,62.09429348576364,69.68435851622225,48
6,9,7,No,97.18331168625942,65.93703203280897,91.291128477341,69.90772557359458,87
7,7,8,No,49.737900086700925,54.446879547213015,74.48588641585137,83.5558684117087,37
7,9,4,Yes,80.86917026370617,48.76072560290815,52.64225311795158,59.04673158972047,73
4,7,4,Yes,75.0989326360293,92.67807545195724,49.49165131662164,73.69351916984981,66
2,4,4,Yes,51.23824549416078,72.1692256814962,57.18952388613493,83.04126920435168,30
9,4,0,No,66.53588357288614,79.32451144401304,76.78916642360387,85.37395818914636,61
6,6,2,Yes,57.08197677777223,45.00397418456413,93.41854862064072,79.54564438132806,45
8,8,4,Yes,63.91554955316842,81.65303617046928,85.0,90.03757122138802,52
1,4,3,No,73.2785067202007,95.20057089862424,88.38942703370759,46.70514290315207,41
1,7,7,No,83.60842556014819,72.05464211757322,62.21727166696219,91.73097873988894,63
8,4,6,Yes,81.13436253373678,59.03258430354728,66.48380880974949,61.72089092547809,78
3,6,4,No,93.41509995085154,80.46724006836092,55.59386997226756,90.653682170004,63
4,9,1,Yes,68.55782849662177,91.32499416708129,94.23023478798248,64.50990489709025,42
6,6,6,No,89.71902549983167,67.52773963566133,94.47733127069328,85.40435032569343,59
1,8,2,Yes,41.479113362954415,96.40551780848882,55.36636662204568,82.17818775571892,15
6,8,8,No,53.96101392397555,85.64346155252576,81.13592735357592,90.14922981909106,38
9,4,4,No,83.38758507406722,99.8225065688105,66.00127468954707,58.47985544240731,76
6,9,2,Yes,104.3764104921636,81.86982131612517,75.99845209799008,73.95448699145776,84
3,7,1,No,53.10155578823793,62.73124152530305,90.44945897672672,82.90045105035165,32
5,7,1,No,39.25969466838372,68.58031573197728,83.9823584837516,87.80236630528091,30
7,6,9,Yes,96.3075298064374,64.6377678752587,71.53497107441109,53.21073516094757,92
9,6,5,Yes,54.47630645708739,98.17006514864282,51.49439709036741,86.0,52
6,5,5,Yes,63.1671436034068,83.57138792016936,38.883322452254525,94.6735777410368,57
7,4,2,Yes,75.04641925428179,89.23403758222413,60.43109995791376,60.532191391133225,60
2,8,9,Yes,54.201766682016526,66.8561882824112,44.67362085325304,79.21723491700547,35
2,6,7,Yes,56.33273140539454,60.66395977999426,84.55557789718887,90.5777884894157,42
9,6,2,No,57.173745853464816,83.20697001495161,80.0534974725282,70.88000486265904,53
2,4,2,Yes,60.60174426749951,71.0150053296206,51.4117157541753,68.44992933005295,36
9,8,5,No,68.18882481342058,62.1213252680777,91.0282161015505,88.11062994025706,64
9,7,7,Yes,50.35414356571872,79.07301757260349,54.61443689243429,87.05706834129859,45
7,8,1,Yes,52.11115686833844,52.82793371837917,69.22925119305324,72.35144280618732,47
7,9,8,No,79.1212237842168,72.52369051776725,53.55993664577065,86.70689263747597,76
6,7,6,Yes,88.3313525863164,73.03277604002012,74.28257950559114,83.76321960464549,79
9,7,3,Yes,76.42114267637953,54.1616549629832,70.05601401687834,83.60271990254229,79
2,9,4,Yes,97.30085374953713,95.93183290306476,70.32262211872667,51.7360742473002,74
7,4,7,Yes,78.77061583497155,65.96035899832515,71.0018583465914,85.57580601874355,69
8,8,1,No,98.41573075337864,60.35920783252743,94.90898881464902,66.34623376853017,93
5,8,6,Yes,83.19202879357216,54.89774999135969,57.33100305763588,73.22926873188021,72
9,5,3,No,65.8388900880899,87.91961792219054,54.759671041141225,65.89390817077621,64
7,5,0,Yes,85.92725614957641,68.86354005097243,58.155296453180135,73.99655694119659,73
6,8,3,Yes,76.28898584062692,75.98893007231823,83.77048084394524,93.74630960340322,68
8,7,9,No,77.53922144394694,44.72352072844123,49.58626898650376,70.71452469026647,73
5,5,8,No,63.281394346240006,53.85307390771288,91.87711479926254,75.87268161852948,39
1,8,5,No,101.90878414208048,75.05864718229594,69.95398309189338,57.40150341820916,72
3,8,4,No,84.16619637043217,84.40956179504009,81.65601218152675,73.54202036258131,57
3,7,9,Yes,92.49577152387702,97.08192189164627,82.14497705812653,86.0,74
8,5,8,No,85.09317593214203,53.203897705428666,49.00385774269185,84.35442371239216,88
9,5,7,No,72.19928569679556,77.01848579682317,52.47777346895331,58.26143178482485,70
8,6,6,Yes,92.91773132935212,99.15153546482568,64.00387262850346,78.73324529018502,89
9,7,3,No,76.99693327514375,64.59483724214867,81.36504936546122,66.46010512776122,74
8,8,3,No,89.28199376887405,91.68400762047705,49.927832567062,78.34053166794249,86
4,8,0,No,97.7887422614874,62.18708173490274,53.05811913529022,89.11817920210888,74
6,8,6,No,68.60842346564978,88.40547626198162,96.0,93.75093431758108,62
7,5,5,No,56.37800099842177,86.40884802914344,38.68470961348908,66.91570245769262,39
4,9,5,No,52.98018320756024,89.52690082529662,89.73008014237757,95.72239703857625,35
2,4,3,No,41.80545927513957,87.02040240046044,92.8386617748562,74.19776985501922,17
9,8,7,Yes,89.53725019051602,64.34997899315309,73.94000545314431,71.69894329485899,83
5,6,7,Yes,97.19078970604812,87.7048911569356,42.4117120020523,69.39893647966339,80
9,5,7,No,38.442193725048696,60.39398104830429,65.67523864553762,76.63530425836635,36
1,8,8,Yes,52.28145758276411,69.65530994083295,90.41058294681744,70.6740541521053,31
3,8,1,Yes,88.99217596070002,90.94193857231672,82.8956320622493,71.95951115766455,68
4,6,3,Yes,42.9277488314347,81.96656116191538,95.51335318055858,77.18091746696514,38
5,8,5,Yes,85.6922325002376,87.0,85.89553758463478,54.60122126664801,70
7,4,0,No,72.6730092686701,62.74405583960048,84.31256359335397,86.92458843876035,61
8,7,3,No,91.92729569881745,88.20078161623981,53.30603197749352,84.10217615544148,93
8,9,8,No,91.31207542751274,90.92367689650122,66.29494326720904,42.916344184746414,88
9,7,9,Yes,94.85109508542456,65.56555902603873,90.08894983690264,93.589744797663,95
2,8,3,No,93.15529095588138,64.53515577384917,62.73013339115546,85.0,68
5,9,2,Yes,55.435098373797096,67.52304458315577,53.94393576190352,99.31718614115614,40
3,4,8,No,77.5596152755425,63.89188531894052,77.08524278265043,61.61379588670942,66
2,9,5,Yes,61.69508579483513,98.53165869043944,83.41048123560995,53.68349509670215,42
3,9,9,No,64.75081741862695,77.61487894400605,94.8734813400149,75.4800741530124,47
9,7,4,No,74.37886738815557,90.29457139432571,72.9897282026886,52.17864885627928,76
9,6,7,Yes,62.43036578026916,96.07451177502402,58.31074841980561,98.05723047268728,64
1,6,6,No,90.2241767742888,59.79673606830724,92.0,62.39457030404029,58
3,5,2,Yes,78.81600227049381,86.65558996405026,65.99312912869117,62.39316885836257,66
8,7,4,No,55.24792838969996,70.25220741481331,59.04467471804331,78.96526524923677,52
2,9,2,No,83.36223664021365,96.05413903181233,72.6970382268998,78.298472742638,58
8,4,5,Yes,49.66616602147501,65.5543555629176,48.22530444962565,91.30841724022152,35
4,7,3,No,46.05582934140406,89.03013674662235,79.96313769577225,70.26692405311078,26
9,8,9,No,89.8060493375097,67.66666894583172,46.3017369455421,56.038142923619695,81
8,9,5,No,68.83503233791104,64.57090166623784,74.90583289865103,59.46180727762786,69
1,6,1,No,49.731475317748746,82.73453316720443,69.63745018999607,70.73387241047435,27
1,4,2,Yes,50.96519606573116,56.97214572989167,89.12884864207125,62.1975028452536,20
3,8,4,Yes,27.650614999211008,69.48789946753328,90.00104864992848,74.28066038993798,23
5,5,9,No,43.25024314596979,69.93785286511407,70.70436577377716,70.52103543340482,33
9,6,2,No,89.49323614025317,91.63269872639336,71.2653473776113,80.1965469811306,78
9,6,9,Yes,104.28824759311972,60.72624360750208,68.06265242725804,99.51410148593816,95
4,5,1,No,91.23887949010916,50.525142303642426,56.09477836723271,90.96577336250836,80
3,5,3,Yes,91.8201470133808,59.458503117909416,86.98170629126616,98.0,67
8,5,0,No,96.41244897547024,70.77213829224289,75.07960240987455,58.30825104942208,89
7,5,3,No,103.6455080856434,56.13185944088003,55.89105305077526,58.75564625231925,82
9,9,6,Yes,63.3695377830139,67.83906928639979,76.29408458807917,65.15097334074831,65
6,9,4,Yes,91.16330865650724,77.35064536477927,56.81151268817332,94.4551843669494,86
1,7,7,No,56.17555335678651,67.4539663805755,81.3982802827369,99.47654499510064,28
7,6,6,Yes,48.6608040065327,68.91122769580876,55.264762326005226,88.2488830991022,38
5,4,6,Yes,71.57035444242152,99.71827960513032,91.7546681643357,46.601611463944295,55
1,5,0,Yes,47.36464828724016,50.660875653983474,89.03658340771857,98.42390008730209,18
9,8,4,No,77.18599308359171,68.92180635918953,67.99104398034618,68.92997046872858,73
6,6,1,Yes,55.11614142530988,83.34164844362272,83.34419943228721,43.62242294525528,49
8,9,5,No,79.63805824238298,67.2985358106739,97.12914675315172,60.85576998135495,80
6,5,2,No,89.32842094163584,83.79715016446241,70.74614007743236,49.71015466873481,72
2,9,2,Yes,57.91572700033212,80.67884327122684,54.67649875964873,78.58609316769902,40
2,6,5,No,67.9087977467664,68.71257409489117,64.20350996377191,76.64427912684036,51
3,6,5,Yes,49.02748331792483,48.12264430938605,88.45851043073195,78.91157618617206,21
3,7,2,Yes,59.50804141569007,75.32789461546137,85.15729453973965,79.78613023492618,39
2,4,2,Yes,51.25406753044172,85.2871187193407,70.35436649351712,90.82325151715864,22
3,8,7,No,44.98603540233464,57.182828449923726,87.98713412815493,87.27620585740708,26
1,5,0,No,48.81172664979563,72.79892595704722,100.0,72.74091445877195,27
2,6,8,Yes,80.84117094037329,99.82649077153496,96.255459956777,86.23773090490589,49
3,7,4,Yes,41.0240670525236,73.43824216266754,64.93999720565543,87.0,24
2,5,0,Yes,36.380927507244905,82.90857208297234,76.89335111746824,58.33415825079942,23
1,4,5,No,69.77354064205238,88.39632908169698,95.67572820685557,79.28183386933854,52
4,6,2,No,56.24185139021012,74.69219336495925,87.83424102403319,57.60597136085533,39
8,6,0,No,79.7257357703759,75.36996867510344,81.20834195089935,52.40113923413925,79
8,7,7,Yes,85.69115566459834,93.915643980155,52.57382373675582,83.74394395183883,85
6,9,1,Yes,55.72591200877112,97.8795547336695,92.478979566073,89.19095647714636,47
5,5,8,No,66.63300659478081,66.96386398271389,84.26927140095455,59.542052307883495,49
6,6,4,Yes,80.47105895086364,74.95454673994116,52.98987934050051,80.12693819693816,59
3,6,8,Yes,73.4000583933486,65.53213127464208,72.65447047312684,83.65187977563588,53
6,9,1,Yes,76.81402740968687,87.0,59.11839687993584,92.5193342991848,68
4,8,0,No,83.66814595607524,72.68025279112501,73.15820833653396,61.89928021618873,73
9,7,1,Yes,68.21531781316835,62.43307359568323,57.36019332398669,91.3959307966832,58
3,9,5,Yes,79.21937165934304,97.69066735411076,74.86428360871514,66.93162443955727,67
8,4,7,Yes,57.17716927419298,79.4958293083971,78.82223639115637,75.53823204964974,52
7,8,6,No,68.12294043201948,56.57955497644769,76.38835598186559,42.112491549572496,66
5,5,7,No,83.20128910766309,76.56361445105233,81.44646317288114,55.087886154772,67
1,8,7,No,51.82027901124653,74.98953344133342,88.89698279458906,80.54542392959021,20
7,7,5,Yes,87.70189891085968,95.53128187247115,62.18743575412215,67.17584110542282,88
8,5,1,No,69.85613024899217,58.10271772623258,53.20762959547093,63.4146394233048,57
9,4,4,No,42.50480646304378,95.56775361308082,86.16579458914067,65.7053969119121,36
5,4,5,Yes,57.672694977678425,77.69125403682139,50.6426576884038,81.54926988766442,39
1,8,8,No,49.445138736895245,44.65430337460619,97.44186651945112,42.48189414840569,17
6,4,9,Yes,45.55594742005148,94.77772696867102,91.93331748059968,88.0,43
1,4,3,No,40.25921564708042,79.9498849990863,66.30386282562309,60.18809361276882,12
7,4,0,No,45.805257781484926,65.13234558964693,85.0,64.28555817307672,43
9,8,1,Yes,53.264085235172985,74.64823543752283,46.36904890651476,65.71672316063773,47
9,7,2,Yes,71.78979731331475,90.10233718841428,60.10238586215474,71.71746383329112,63
1,6,6,No,76.85053251091031,69.13167473144853,78.23807765223656,66.14192867225688,40
3,8,7,Yes,62.722498882179984,56.04432409204588,53.057286737821336,68.49750580901119,37
6,5,1,Yes,78.15408389061913,53.368306258044896,91.0,89.0,67
2,9,1,No,47.13171782771048,69.95093606055983,49.93744151927928,85.5164639275388,20
3,8,7,No,52.04795809617857,91.68355357484262,78.31894303310006,53.45892147293349,29
7,5,3,No,44.23169538933436,74.9302782393303,87.72243022570436,67.3558591373536,40
9,5,0,No,57.39534912420776,65.67047343760397,81.30271936580347,98.37326695835137,46
8,6,2,Yes,83.78829229839445,48.1886576110476,63.31052224435808,61.457710281987374,79
8,5,2,No,62.21967272600991,66.36449787751523,61.49837537898532,67.53059378845492,45
1,9,5,No,99.90707561811035,96.40119411847212,93.0,89.16930475055794,70
2,8,8,No,35.8736216825895,64.24525878697031,64.394359729421,80.75732172414064,20
3,4,3,Yes,52.68971739924358,91.38840616232764,92.4559499992789,75.58831786890802,35
7,9,1,Yes,45.75042018534874,70.5019968947181,78.92609634074826,47.66581073724646,36
2,7,5,No,77.39472080752361,61.77202032485416,90.81651460159912,53.494373620916384,50
3,4,6,No,41.89532663503503,82.04647394831787,85.1599454702565,84.06905243878371,19
5,4,3,Yes,87.60439279098716,69.31713326569944,59.5124380777525,62.34369349800973,74
3,4,5,Yes,55.59516473381944,83.60314177544014,85.45239763357131,78.13428863042853,30
2,4,3,Yes,90.91413135755508,96.33013662886466,94.98922322439908,71.11417193172208,67
6,5,9,No,46.35227023394796,39.66899182342766,65.9322240389809,72.92096336166118,34
8,8,8,No,66.06598071106717,59.812489731263724,96.38353516548337,95.82729616577952,42
7,4,1,Yes,98.18293203622753,82.60514936722488,68.11469969542898,89.89118653184974,76
4,4,3,Yes,85.99904929320486,75.27612453583276,53.39673249590626,88.3101649916401,71
1,9,0,No,37.39933975155031,63.60990471010256,65.02484624589954,53.13677845423823,17
2,5,0,Yes,65.52614903952785,44.82666816605727,95.65316393201084,54.310587868714734,53
5,9,7,No,67.80590131202757,47.77179917378694,62.39606704980957,71.33570481646979,57
2,7,9,Yes,63.87163360567352,87.98305909447132,94.59685769163022,64.42944379100369,49
8,4,1,No,78.94273412669737,61.08931543725653,96.03082204482168,97.51485990993164,66
5,5,3,No,65.44986809456842,74.22382121248546,73.52658899159269,56.47751318302488,52
6,5,5,Yes,80.57101287406695,84.70231137224853,51.05498231044549,70.1432779295303,60
8,5,8,No,95.72384549003648,67.04282008117166,92.05878765284824,69.88058962031809,85
6,6,0,No,47.39375396965399,50.20555827482539,67.96928435445719,90.2239371816321,39
7,5,8,No,54.23563557179896,77.95299622908965,89.65501584482276,56.91266567773449,43
5,8,1,Yes,94.6126882203294,41.710935883649896,73.95041457240828,80.77622897093767,76
4,7,6,Yes,67.78999661555855,84.41791613459273,80.66191984328586,71.11221657172624,57
2,9,1,No,83.67364331151204,98.69323019717416,90.28712566693277,84.23279105937816,52
4,4,7,Yes,65.54026175394901,77.84809337047447,73.53856605487555,58.01175498584928,38
7,5,2,No,46.88569635585542,76.77337577532536,74.18495038311899,92.49635183649376,43
6,9,7,No,75.58858460054694,72.97901287728826,74.46419652951676,89.35715233252077,57
3,7,7,Yes,52.16341638711463,70.9345307474964,70.33177023305151,80.35797153221021,29
2,9,0,No,82.31727982933484,96.6318788881591,77.32788019175608,93.41345469474189,58
2,7,8,Yes,78.34006022847234,95.92294692201293,87.39822277767651,52.548380807125966,54
5,4,8,Yes,94.0896487339,66.70118766174836,65.87355508728788,90.0,75
4,4,7,No,62.0699674400553,82.35905413412159,76.49468965873965,83.06648382084147,48
1,8,3,Yes,58.135063596593454,91.0,80.96373620393464,65.4814339661271,36
6,8,2,No,71.05103439677474,96.0,70.159747745569,70.01370063906437,64
4,4,6,Yes,79.68556559482153,74.97070236882826,65.50129423726881,54.5251629830985,64
4,7,5,No,103.30186945878786,72.07601493321442,91.77078606690172,95.1378048850649,78
6,7,4,No,78.67433648979353,73.63148991644609,89.2354940657001,53.46688241816988,73
9,7,9,Yes,98.79264396366273,97.0,77.00893978217586,84.21056325760713,93
1,4,0,Yes,66.8507768204368,56.86091829582561,87.86736793420458,70.84677123847038,39
2,9,1,Yes,98.70268133171432,85.94226977265262,50.47124550544586,97.45604411849612,72
3,9,1,Yes,46.62909280139657,60.11752381504592,77.27722051147595,67.17093862730539,33
4,5,0,No,49.92116852802846,63.80817701242265,77.36352581812804,78.56859446189668,21
8,7,1,No,50.95821274154779,79.53287898632256,80.25139315356682,71.36986222734072,48
4,4,9,Yes,102.84316740071256,88.0,65.44638351034568,72.63834908008843,81
6,5,4,Yes,45.374762049687135,46.64105869163665,51.077488734619,58.30989940885988,35
9,9,9,Yes,57.67485029897448,79.71759978606164,62.49586138166256,52.20640754707006,68
6,4,8,Yes,78.74032415009827,58.59388879998569,96.51428098139571,57.36140655435984,75
9,8,4,No,49.55094453190582,51.73123515008433,75.73632952128396,85.71002839435437,46
9,5,5,Yes,92.02312470139948,66.87724675458531,68.98096385354641,54.06455036881343,88
5,9,8,Yes,53.05409809788465,76.38500632461555,58.34068660994173,76.84564462693062,38
4,9,9,Yes,42.06498908598466,64.76646416678891,59.1548870085631,63.24173750725475,28
6,6,5,Yes,92.40954324348824,61.80412716486317,85.06545276956463,92.63554260509582,72
8,8,5,No,41.1896821379259,52.98328296551929,80.94891907141687,90.4121520328438,37
7,4,8,No,97.98780536362597,61.07838636560248,70.08765905611276,80.19538065146496,89
6,7,3,No,75.66592689382104,88.95540798671186,65.62234757637853,62.33412038922039,57
3,6,0,No,47.64326832227398,93.0,73.48399345044015,49.78652657206122,26
4,9,1,No,35.96083722033606,69.21070872571185,68.79208252218822,50.03167923626274,22
2,7,0,Yes,43.23408750836737,77.89436280609476,65.50454090387683,60.43515119399807,30
3,8,8,No,50.83083713368964,91.0,79.17155780158913,82.63952465012738,20
3,4,4,No,96.5945001463676,49.49792370853699,59.69351044037163,69.03363797442714,70
1,7,4,No,38.25614889895861,90.0478736976289,55.51184278250465,91.27452621496975,11
1,6,9,Yes,52.55157895196828,91.17315213587766,77.27745360551832,74.70419007552572,19
2,4,0,No,41.52240655074583,47.03422191383181,74.8522592015025,90.0665745853553,20
8,4,3,Yes,57.54841502289422,53.33120788778578,79.72258488208408,74.43124938164408,43
7,8,9,Yes,47.37593540887066,92.0,80.95544556423684,68.6937580295571,47
5,6,1,No,72.64736720425928,73.3881412870992,59.93806837146405,66.65921239770809,46
9,7,6,No,82.64171368374055,58.07830745148904,73.30147079741965,70.43204051556289,78
3,9,5,No,38.538391014170834,62.79134471644402,87.0,80.62299700524996,26
3,9,5,No,27.95064557467669,78.44451570593807,81.18845047417486,78.3421095584812,25
6,6,6,Yes,51.940264204835564,83.22358521308755,83.81646283245753,84.68774320959665,47
2,4,1,No,50.44322675226578,87.89587024203206,54.54900288580793,61.86042651184632,28
9,4,9,Yes,46.37443848694355,86.0,73.07608626833209,60.15351401235903,41
3,6,0,Yes,79.01575034018921,71.21871079404507,45.47592190090364,70.27491972622256,59
8,9,4,No,82.76224830180483,73.50211833607577,86.43619161974912,73.12370238421904,72
4,4,4,Yes,100.91977975496012,86.71285508931159,98.11390865636666,59.74414921506087,82
3,4,2,Yes,100.2811879447585,69.38449309400596,96.0,85.46890412841783,63
2,6,2,Yes,60.92076257551732,57.57961191558076,67.20991313996146,90.11137753407915,35
7,6,8,Yes,87.64380523404272,99.28775331765269,70.21755490196627,87.0,82
5,8,1,No,89.61712475581845,91.14676669788628,99.91354600669555,50.32781464619609,82
4,8,4,No,85.82834718106511,74.6379795526962,80.53444573572581,84.16030278439811,65
5,4,0,Yes,81.32296714950085,75.77597334734882,47.04080732771027,91.5145499671647,63
3,4,7,No,40.87936077419287,56.98232721664724,69.72134282214941,74.62140875717306,17
6,6,9,No,75.71776805581167,67.89547209944308,65.83379559339525,80.19288177529319,62
1,8,6,Yes,43.4105273141612,90.52309475413496,72.73936352425133,93.8453231536262,39
4,9,8,Yes,56.48955318618794,66.65033218492414,79.46715737045513,78.95581534343452,40
7,4,0,No,71.58257260589767,85.0,79.72065363866172,72.35818801481619,61
3,4,7,No,74.21752736148507,70.12969706109428,64.71720161297364,68.86230728036684,45
9,9,6,Yes,76.7326931729809,64.48161893710453,66.17229885936808,71.71188333658651,74
7,8,5,Yes,78.00690848660601,79.93984030367511,67.38876366127182,59.45085940697784,70
1,7,5,No,98.6294920415916,55.31372685547251,86.45221282010698,95.9328637467786,72
6,4,7,No,64.65318895265847,71.37076853037297,90.48054458795832,91.76573842086547,57
5,8,8,Yes,55.6147804317732,72.29454019100585,69.82429144569976,87.6777056618813,46
1,6,8,No,70.28356180442543,70.35628000349743,97.99117796592792,63.22708990446288,43
3,6,4,No,100.51466606370728,94.15988381390608,94.94508369848518,78.08602105013564,75
1,6,3,Yes,62.53888708986672,63.294362436604544,54.38544910550444,54.80762302763453,38
7,8,7,Yes,63.754586466601936,87.30358406284302,53.44518062552511,47.42985096868074,60
9,5,0,Yes,71.94318391631745,66.14799724397815,76.14897363629531,73.56586884916581,67
3,4,9,No,96.3000869351858,64.11289485326158,100.0,70.53138026345897,74
2,9,5,No,100.83508283496896,93.40052939577414,94.54553333004716,80.50155414557057,78
8,5,2,No,77.25115841709297,63.6599713184598,88.0,60.334197121901184,81
5,4,6,No,85.55691185050739,70.50025894109848,71.69155151418347,67.11042746759388,67
5,4,9,No,74.31396286802732,66.07529383061924,70.40245563620205,60.84508369301793,66
5,8,2,No,74.77507402505222,62.31278575218428,47.05179422251429,87.16132498398883,57
3,7,0,No,87.77935699957654,52.88592049545106,66.28830096885254,80.870465689165,62
6,6,7,No,38.13574899273566,73.72773029510279,74.12515330960241,83.23530781905804,38
1,5,7,No,91.86161197464293,82.07022337095319,97.317716969322,69.10785336649704,55
7,5,1,Yes,56.32256008413417,68.94922486326978,75.38275629772625,61.58929703326506,48
8,4,4,Yes,35.84173752628856,90.69004916824396,78.52733980065858,96.0,32
1,4,3,No,40.533826997067926,83.22906271409059,54.99019410566306,69.56123431272063,11
5,9,6,No,87.95010176839614,91.0,73.77068219835449,77.32403566912143,76
4,9,2,No,61.38782843762901,51.18870109526628,59.41585330400382,83.29283996043384,41
1,7,9,Yes,47.867781015079615,65.51468000601463,77.05263270921402,64.20112037378581,19
7,6,9,No,66.12400652764333,97.48933797346012,86.72766317688964,93.30862325762423,53
3,6,8,Yes,84.46024988410413,73.91528881141934,91.85461811676647,79.17440896129179,79
1,4,0,No,45.79438624634108,85.7645909448219,99.0,60.76047666710557,19
5,6,2,Yes,80.21086017810491,65.5708750374521,64.63283567451496,62.08603392051311,62
2,7,4,No,100.7603360182077,62.64234497041016,81.48208650088776,55.97435723926777,71
7,7,9,No,48.60487364441031,81.09791274205978,62.80738407324712,92.2483694106246,44
1,9,4,No,95.13457490325212,61.519834694582514,69.82159233305924,80.4389261050431,73
9,5,6,Yes,64.74808220940676,95.10210460050082,92.3172862068963,67.7074491632956,59
9,7,9,Yes,61.18981189832783,66.53111269928237,77.70383824650754,65.64588922300054,58
9,4,2,Yes,45.21526309604463,97.86734479737778,93.56107318081216,89.07297597595456,41
7,6,8,No,94.08853026800392,100.0,60.47776489796178,76.32498494697404,87
8,4,8,Yes,47.68225909768979,69.04761988645325,91.22401986048882,63.80171841577119,46
7,7,8,Yes,50.09329994451329,68.65225915742761,56.44224896748592,78.21321512779491,34
8,6,9,Yes,58.48754111399074,97.7340171689055,97.0,55.5807658942077,58
8,9,1,Yes,57.734792998763055,97.88051466226592,62.03293388268194,78.30617400253968,49
1,8,3,No,49.94159134796941,79.7768856936518,53.57005458093665,86.0,26
7,8,6,Yes,37.62375126335043,61.442074225198525,74.67859569949498,72.38397652309386,37
5,7,0,Yes,83.64864433175127,77.79903697589542,98.5305108808266,78.68616203245344,71
2,4,2,No,74.82216731000244,89.75452518727758,58.93367469946533,66.05312304574176,50
9,8,4,Yes,58.65943242953284,58.461295253096345,72.62860560826758,67.78405859850676,62
2,4,0,No,84.016686523975,96.9272409076182,89.8757890629558,67.73806866286633,52
4,6,7,No,76.92226771270028,59.59798247212677,65.91819606559146,96.45991409637924,51
7,6,1,Yes,75.77944621158443,62.693503666336326,70.81236615006023,68.89239880488712,65
7,5,9,No,78.14369656485552,61.02753368834435,74.39474952783412,83.26695676413247,69
4,5,0,No,98.70480249626084,66.48245226712844,58.68797424658571,65.554178643,69
4,6,5,Yes,53.83641088164467,52.64345609293787,89.56607835818365,60.61955868338134,31
1,7,8,No,59.04042669284645,74.84363794766723,87.3614890815112,55.63241895168822,40
3,5,6,Yes,64.31050823764187,58.50169065042739,72.00952521457084,84.04575046739535,36
4,4,9,No,93.42949133696084,58.40877575836272,96.0,54.59061928609319,74
9,6,9,Yes,79.40356507429883,63.73801870041471,66.46125983370123,70.4177142397923,78
5,8,2,No,80.87536035706893,95.80994738798576,57.49379431776579,82.30907495237244,68
6,8,8,Yes,80.72952160000614,70.9237204859836,59.508978993589935,66.93732000777416,69
8,8,0,Yes,30.7655192880055,71.04093198470115,71.93298124214617,88.78485758949924,37
3,6,1,No,100.58519825604904,93.08623368874866,54.45773887404276,63.6657854927718,76
3,5,1,No,41.15932814663177,98.18510325658563,97.21179130052914,63.37334473656204,21
4,7,7,Yes,63.25287788684946,65.9663439475828,81.57074887689724,60.7097182178975,48
3,5,0,Yes,73.74321569605571,80.4282292839744,65.20628235124987,81.54686251908834,50
5,7,4,No,61.64477692213069,95.86653206293548,75.65434625928579,72.40421772660639,47
3,4,2,No,46.75128844860994,83.33783999624407,94.23906866311457,66.16288359056364,24
2,4,0,No,55.3932008810177,55.91454252723262,96.26987974754208,73.90939642241781,30
1,4,1,Yes,93.36631203850834,83.20085332440256,87.99685711557458,52.24590598967776,63
3,5,9,Yes,92.42001650605982,54.23029935282767,80.59524470928906,64.84968668874242,78
7,4,7,Yes,65.80800644621493,82.22524043276447,94.39515301381562,65.77601907507734,56
8,8,4,No,51.13688347665365,88.92321701149773,89.32730887402097,86.20618481077577,36
3,4,6,No,38.73588928381182,53.210330478486185,78.63875475914259,57.36966860095674,20
9,4,8,Yes,43.52281137579477,89.87742261621995,53.00175462211544,60.8988666684546,41
3,7,3,No,72.69958108017838,52.35487328769973,57.090077373429374,58.46207038084246,43
4,6,8,No,57.695136396871376,89.07374538006114,77.21671326383797,59.59553788254195,35
4,4,9,Yes,70.63734959812955,74.47568480365442,73.29233427777237,84.54400888314748,55
7,8,9,No,87.01937908980045,62.65856024540097,46.40950483682016,49.19346412825834,86
4,6,7,Yes,62.97173304145474,56.519327948630426,98.86694445534847,58.20526883913691,46
4,5,6,No,75.04233899768825,93.5785875466697,50.74626205157854,85.02659074997078,59
6,8,5,Yes,107.04118932101552,48.27392163165244,75.26354367087042,61.29561630842086,86
1,5,5,No,42.55426607868481,61.52673044111007,80.90084247439442,82.16876018003809,12
5,4,2,Yes,78.88769350420196,67.13026703164049,96.0,77.18538760151772,59
1,5,8,Yes,52.95417147969477,77.27111819683876,77.40311287642696,64.21722520481565,27
1,5,3,No,70.01658101014863,86.3234850949209,52.8539318951746,77.1670043181819,52
5,4,7,Yes,44.29803343470051,55.975718512358455,72.95172040169517,57.496639756834206,25
6,7,3,Yes,73.3176607083576,64.98044040275983,99.49213546114537,79.45339107738867,61
4,5,4,Yes,59.74602447134182,60.23086437959428,93.0,67.42115909223436,45
5,7,6,Yes,82.82813500702493,57.86115237030992,72.48012162499022,62.40690359432412,73
9,4,7,Yes,47.692993312955714,68.97227961841051,62.82405028749043,73.39420414002628,52
5,7,6,No,70.95843661035806,81.84768394367858,94.9147069441618,93.0,49
8,4,3,Yes,85.08584585223409,65.91570110292709,54.3801739375705,99.0,82
7,9,1,No,84.43936448694029,79.21697160646123,92.53560061426307,74.2195434055641,87
8,5,9,Yes,103.88986243056854,69.21462529725656,64.83960540955817,68.67220104297573,97
4,9,5,No,53.28565040499451,96.64900972807708,53.98070545095904,61.75973153466939,34
1,9,8,Yes,81.81194076362056,97.81170387488858,71.27195085685892,71.14350608119314,56
2,8,2,Yes,75.5950070575766,97.0,61.81109063914705,84.58906725096332,58
1,6,0,Yes,79.1598073474294,61.00098924176508,77.41084806367006,67.45957155403715,56
5,8,5,Yes,87.77062229567126,44.70601869963616,86.0,94.09659223070626,63
6,7,8,Yes,91.9742132631256,67.41479089788484,65.24764942593174,66.20759462549273,80
7,9,4,Yes,76.59238857692304,60.67050077278121,88.42655108224064,77.70685561844695,74
4,7,1,Yes,63.82771569168524,68.92952760525812,48.66512109772118,67.57895128810249,44
7,8,3,No,69.71555448349208,79.0350304964207,76.6108065987491,95.36431920611138,63
3,7,2,Yes,74.17487392443164,98.67458008252792,55.31147231630291,80.72562829491415,63
7,5,9,No,59.44556723511383,92.73829131317449,91.09849282080847,72.91372247836273,49
4,8,0,No,90.5371928116215,60.05621784803616,91.40823634337296,61.14109269316018,68
6,7,1,No,66.50698513919947,89.72190597337334,77.09539581631596,98.21958401493151,58
4,7,3,No,85.19179113623247,65.66039572286904,91.5915338135072,49.216034919124944,80
4,4,0,No,69.39164967783925,58.38836567652198,88.68600361925294,89.0,59
8,8,5,Yes,41.83783308446146,88.9881402261842,98.69997087048814,79.21235327124379,43
4,6,7,No,94.25461764665916,52.84936282539718,96.52830701404672,57.827791970883126,75
1,5,7,No,42.74867289775334,65.23602985901917,92.70097954382574,79.43920429346707,22
1,4,1,Yes,61.25636308680378,70.77140562946808,70.88572011815543,83.76144411405893,37
9,5,0,No,77.30211665153922,91.81685931040028,57.8414593151793,49.16616119478783,63
9,4,5,No,78.60069134901512,87.37761361125939,75.47244202308426,94.0,73
3,8,0,Yes,73.35157689998738,66.80370587396953,56.52010133497242,72.77390007734104,43
5,5,9,Yes,57.313715088434094,92.31777864064163,83.51655077774161,72.33014689687202,46
6,6,2,No,63.562427369678765,66.74657751718473,74.68178328567608,59.70750112280477,54
6,4,8,Yes,65.25578506554281,62.12481393355494,82.17642402461598,82.25218218361019,51
4,9,5,Yes,94.40725308354617,79.49441660208666,54.988081593353904,79.9420664749716,78
8,9,8,No,60.0757966767244,89.26697122956443,61.25433995890936,71.98264908059645,62
4,4,0,No,67.97431555727537,96.0,80.55590515822068,79.78267362664337,45
9,7,5,No,72.88162661781585,60.017467385512106,92.27770849862816,69.37068714459654,68
1,4,3,No,86.84880663408725,66.719495330009,58.11376565882633,96.00575146355608,64
2,6,1,No,63.40568538675394,74.18103252635271,74.87776598567862,79.70242660908642,37
5,6,2,Yes,71.63065047946694,87.48559977407533,91.53393964518573,86.09765062827469,53
5,6,5,No,83.74869415800737,60.314141278269375,75.74273528698306,60.44671454711129,70
6,4,9,No,33.97396870410481,89.3005015615548,63.94406370810904,72.87096079086594,24
6,6,6,No,74.66627552569791,76.29892972634374,75.43344577900949,62.49557546497126,55
8,6,8,No,81.07179364599627,67.6040184415766,60.953143569308885,85.77519516730969,66
3,8,6,Yes,77.23852614505238,71.6290612948963,87.0,86.56681636561628,72
1,6,6,Yes,65.8042456292138,73.4484819507078,50.40099421127203,58.0095244067597,37
8,5,4,No,83.19648575718757,76.82128977587575,58.10164550410775,55.35540143462016,83
2,9,3,Yes,74.81495304490345,92.0,52.16615114094882,72.12208052847521,43
4,4,5,Yes,101.94283763284989,87.78665799992488,60.13975461190546,66.43463411805075,74
8,4,5,Yes,81.68155673923367,73.43731055805375,90.62910894232532,85.97368487305867,64
1,4,3,Yes,76.30692543914321,66.19516616253169,60.37443842582213,66.35562663732676,41
9,7,3,No,88.79172617748426,58.48520474280884,58.3453214113551,89.7672248597646,88
5,4,9,No,48.9108474341213,68.73489943726406,75.10976203563239,50.57513660225565,23
4,8,9,Yes,47.46149936671658,74.99199581153285,51.42813775768627,55.76965872404899,31
4,8,6,Yes,66.08757347383526,55.77078738987856,46.09471393059761,70.51334130709519,55
9,9,2,Yes,61.89825059380899,55.497803228681626,93.476826480328,97.4775433136208,53
3,8,1,No,62.99973845734162,76.919340733174,93.3471739708035,70.27601181266797,39
8,4,8,No,53.58957896382219,57.31865329432368,99.28790469392844,59.73064274905031,37
8,7,2,No,52.40294559688515,66.50066865488473,91.76255257102532,88.36033999991945,57
7,5,3,Yes,79.44087779460611,75.79946922540806,84.50235389307333,97.72510373487968,80
1,5,6,Yes,101.75725106767008,54.727898351513765,50.685096455510646,92.6661502058342,73
6,7,7,No,70.78858450919921,90.379633138558,87.47482210887196,94.3765430502826,66
9,8,7,No,82.88900989776582,91.91208239826422,98.70484575460564,50.38319949125799,83
8,7,9,Yes,56.9182243895365,82.85845993070382,88.64216752251501,57.909074524154846,55
7,8,0,No,58.04501116382955,60.881693220754805,70.75715209328798,80.17498874697876,53
6,4,6,No,87.98785174395029,90.67272298558598,60.83069207788567,95.31642558876696,72
5,7,5,Yes,72.31088385276432,96.11056465397846,93.26022853709006,65.83277209345988,57
7,6,3,No,66.05194938029994,92.44310147686625,84.32985850931125,58.81094035417203,58
7,5,7,No,93.2649179927216,53.09786457882306,98.0,94.41934069743522,79
6,4,5,Yes,78.5432043121122,87.99421909817173,54.3843860603546,40.95483381834892,80
2,4,0,No,60.44014885038629,91.04258221061342,63.21672396033588,66.69650523319882,37
1,8,9,No,45.47984944805994,70.14069707953138,56.77862216916641,81.1555149390887,24
9,4,9,No,46.3586670520864,74.34500025046728,87.65627783202854,75.24994619204975,40
5,7,8,No,72.63559135001498,77.34607132230364,47.330832713043904,89.92734328175348,68
1,7,5,No,93.9665512547114,68.42811653531535,48.78711225837499,56.3256361226497,71
7,7,6,No,67.97964377427978,50.11542555868582,95.49362414468548,79.29755584555612,58
4,4,1,No,86.13338173926789,87.51879061360965,49.16872853914843,74.28090940897395,70
2,6,6,Yes,50.83094951394556,49.21823308449604,85.0,72.26343761462208,28
2,5,6,No,35.39068286470358,81.02181693148823,79.44816771645337,71.34065737351943,18
6,6,9,Yes,75.5359312114654,69.76361504735806,97.0,63.39947876447479,65
6,9,7,No,52.103326320936034,78.86174372549468,74.59797866784201,49.75100695053143,49
8,8,3,No,77.30421538453771,58.53124197047838,93.22792216695612,59.18719784174748,79
3,6,5,No,89.91401255143506,83.4783293501074,95.0,58.86709567704559,72
8,6,2,Yes,35.26486470275551,90.95778626094994,39.3822801940489,73.50858137014775,38
7,4,5,No,99.37015555775606,56.79730442320344,57.5145092529676,92.58486732099088,89
3,8,5,Yes,89.39979139144373,54.579284260811,61.96044219324917,81.38753117468488,61
9,9,1,No,84.14008842533464,49.23339452202063,82.83081584815496,90.35958237253791,80
5,4,6,Yes,81.03368180056738,98.0,98.36262027562204,68.4616429155271,54
5,5,1,Yes,43.12532440088283,70.80771784984107,72.68878320009424,68.69973944550797,39
4,9,7,Yes,58.87584190018261,72.48168661455439,91.67914916538396,75.85187444548392,41
8,5,6,Yes,62.400973496816206,57.96832762351461,60.13666813523832,67.30998673278671,54
1,7,4,Yes,69.63865213732082,81.32453346013243,95.62722892599214,56.57103663450165,41
3,4,2,Yes,45.485713491538505,88.20245380226959,98.26559709803324,86.81566352990419,30
7,7,1,Yes,78.31151442314346,87.26162439747858,71.44045829919015,90.02298147904608,74
4,9,0,Yes,89.0365309677216,70.45916110933125,79.07028602880531,63.43649553221272,74
6,6,2,No,45.43875272004108,55.465261196999215,48.601311795756295,47.70575809509184,36
8,6,5,No,50.14779659090368,65.60602997175727,72.88642819535046,82.36749356678646,40
4,5,3,No,52.751356323511686,49.54456172793712,78.38908487634592,61.07370060123722,32
6,8,2,Yes,63.463363275277416,64.56143791641576,61.72757016166365,78.84840165885458,45
6,4,4,Yes,67.80211881898792,61.51600571855457,78.47734209901363,88.43509826208127,59
3,7,5,No,68.3016487622788,66.3214424510236,64.09432791215976,92.0,48
3,6,4,No,55.721011867042,70.66280589606048,76.44133951825938,72.52531663658687,33
3,7,3,No,74.7806465189293,92.09350091367382,71.9744302630072,83.48955889672743,54
2,6,7,No,93.38104891199885,82.33813007903032,46.19473863187032,75.51459441030836,75
5,7,5,Yes,81.61549473687613,91.40871881685152,86.0,73.14900056050342,65
5,5,3,Yes,71.92424318299412,83.5845250672832,71.27809490787318,72.02361215589197,60
3,5,5,Yes,42.50848595407529,48.82807523157613,68.20771782510623,61.22819586847536,30
9,8,5,No,65.6495698680597,85.2199760997486,56.08938758672329,79.97524258922952,65
2,5,3,Yes,53.84049535554183,70.36267349449481,86.4103234953645,77.84526402445326,45
5,8,6,No,70.9838101745704,74.86335205926537,84.0278434981149,92.1573369307892,52
2,6,4,Yes,84.71936205842066,70.22654971190772,65.25760824463002,88.74471908157756,55
2,5,6,Yes,56.41638356436853,95.0,67.71731866363997,78.77277966317588,38
3,4,1,Yes,75.92680960525092,58.68874667833536,63.37642068579457,54.86631782114154,56
2,7,5,Yes,59.417349951081725,57.43925329098878,84.78815891003707,85.69446150352739,34
6,5,5,No,65.50526315225488,92.66420979530378,49.95375064712471,70.00441560405656,56
5,7,9,No,80.35059632822846,50.30525380141871,63.70387786399802,86.0,66
5,9,3,Yes,98.66454080475508,89.84393329406335,73.40437332962773,90.15756568017312,89
8,7,8,No,93.1439342905252,96.1038886849348,76.2505104856277,52.7977426954312,88
5,8,1,Yes,102.10116391057748,97.94631360154295,71.20135081757635,89.83966416028709,83
6,8,0,No,62.54464204615521,92.0,76.26589541782712,52.95680736225351,45
3,5,7,Yes,51.71265924545028,87.99548268493984,77.48739558380954,70.69098657805309,35
1,7,5,No,81.72965665993105,49.53430985852624,45.8678862193084,74.01944355950855,52
2,8,0,Yes,63.24741406471277,89.95988780903694,62.65793214666812,55.91822678126481,42
2,4,0,No,36.52820534486471,81.83009917585078,95.04738578032932,78.92596488197242,13
8,6,2,Yes,73.17730958948314,71.20077450147535,59.08045788475948,51.98011505660303,58
2,8,3,Yes,50.967657166854224,45.38285857855319,81.74609828858156,45.65637961778819,23
2,7,2,Yes,79.14685493571187,84.46566257531819,93.40425993708436,78.40535141202557,64
9,7,5,Yes,48.91309444130559,99.66816988858832,68.07441986687084,89.49525412438491,45
1,9,6,Yes,31.14942748200879,94.05025566710984,67.07183328189676,88.8861996345968,15
5,9,6,Yes,69.26152828928174,62.04571865306872,72.19931361962199,85.28372114702607,61
8,9,7,Yes,42.1396877913878,59.29575653881718,85.96675639348658,82.20322062367039,40
3,6,3,No,41.21101741831398,66.79839610087534,95.58830495018702,75.77834880855774,19
9,7,5,No,87.95311568761666,97.71588650514953,90.1409652216481,59.34612076279319,92
8,7,3,No,64.40423569065763,86.49322052918446,59.3890128183635,63.25933369181949,61
5,5,0,No,61.290410555566,68.19981686522951,82.76812621190753,78.97048023794997,40
6,8,8,Yes,88.08981241183156,55.5043616024785,64.96021292382613,79.5894081981999,76
5,8,8,No,98.29446011817674,74.07946779109994,72.96493126719692,66.90504768808213,81
9,5,5,Yes,93.67147226292406,77.42606574411738,51.68966213533427,89.04935027325476,90
9,7,9,No,80.73027379865536,91.2885088787,65.56350404074526,79.91097372821821,86
7,7,1,No,52.89866646835007,79.57795027064051,89.21450922266897,63.19061096484384,37
8,6,1,Yes,97.34338088687792,59.91867915205833,67.9689127455176,60.13198628207082,93
1,4,6,No,72.62421910878298,81.92721906778884,60.13094552701892,93.84989481756328,39
7,9,6,Yes,32.90496018816814,57.402180771065375,63.85914227138041,91.00787499743652,34
9,5,8,No,86.3302748498399,96.8800834683586,90.93086605657574,95.0,85
4,9,8,Yes,94.17184661917068,69.30065302047784,87.95716592735558,58.623660159028304,76
1,8,9,Yes,50.63401553936164,68.71704624817747,52.62341914779902,98.0,18
9,5,2,No,90.7068881089224,69.70263366686581,50.704664795913466,61.39757788358244,81
3,4,0,Yes,55.8041155791332,87.11941744292702,70.17577836447876,40.81296166934615,26
2,9,1,Yes,78.70400364458929,84.70095490324313,94.98309080666404,88.0,61
5,5,4,Yes,78.19806107324504,87.0430923733395,79.97786543515261,65.18785607677022,62
9,4,8,Yes,40.40328546644509,58.32498095569792,66.49447279685378,78.35777225953437,39
6,5,4,Yes,81.70206444811063,69.61294005580481,80.40478693835477,70.73868546578231,70
2,5,5,Yes,82.82121898757029,54.30306608997244,61.27225411053404,77.28720357377256,70
7,9,6,Yes,82.12018610124719,95.19437674006554,87.82332237332673,88.0,75
6,4,0,Yes,52.82770926558951,45.919897444703786,74.67457142570545,55.08173534583031,38
5,5,2,Yes,51.91362045719321,73.68263622717225,55.595309023613936,80.60245807631948,36
3,4,1,Yes,46.10712934831229,90.32973074226194,61.89588519282935,65.85412532133192,28
2,8,1,No,87.98062076840367,94.2170843253229,79.93835688928887,75.6320908548588,66
7,6,1,Yes,76.51700145685082,81.31612647351064,91.6364050552096,72.35901733548337,54
3,9,4,No,47.235726523073424,67.17884807825673,56.85923206811472,64.49888187784069,25
1,7,8,Yes,86.43073728798385,51.45316292218748,94.92566742085668,67.05909767726149,59
7,4,5,Yes,50.99197219648023,82.23758684020693,83.15416575467997,61.304054608232185,42
9,4,7,No,44.0216489649754,90.00233391895623,64.07231540197687,96.0,37
8,6,5,Yes,72.59692217845449,57.060082613487815,49.10249743012221,67.15789730452862,72
3,5,7,Yes,80.15196144905487,78.51288789882484,43.41639114892712,49.9088741845972,55
2,8,7,No,63.93459470240237,97.8257422392245,79.36603386138367,63.69232180904338,47
3,5,4,No,46.70821942690773,95.26259807856162,53.729024290077845,60.70944454563757,21
2,5,3,No,66.84392496221618,64.35843422682952,60.27798911106315,85.11156642324691,35
5,7,7,Yes,60.92233111357531,77.85910040566198,73.31856806206031,94.0,33
3,4,4,Yes,48.43588454529303,59.75422177683383,84.16354786501186,73.70754654188266,35
2,7,1,Yes,86.57502347734255,52.49379135929664,58.64651028125495,90.8711233514297,66
9,7,5,Yes,59.536286883442834,86.680931956499,63.08454678917077,73.17465546795589,51
7,4,7,Yes,67.00298707628914,87.95138625149255,71.88926650536494,44.74199305007833,55
3,9,5,Yes,56.23818247703269,94.71935282551904,82.25326776750012,87.73794029621155,45
5,9,7,No,56.00696805670989,47.05490219435424,87.8742367347185,77.86547979389191,51
2,4,4,No,76.83086203216418,85.83547480254406,54.49850708099094,78.04926253958935,50
5,5,6,No,41.349250578906414,69.21675498244544,90.1503515459854,92.03648612154328,29
1,8,8,Yes,44.42898394293284,66.30956314929327,78.95840739618534,72.96163062540525,27
2,4,9,No,88.44330418454292,73.79121479327918,77.68473270479679,97.2514230095649,67
9,6,6,No,76.90280188962758,61.48409869980707,85.40792015797304,87.52268678627811,79
6,4,3,Yes,65.29770964330326,97.91696112155648,75.96751037228935,74.90405983800632,46
1,7,3,No,35.33654442429736,86.05509881086516,57.53046283950408,79.71348349465632,12
7,5,3,No,91.6800688207689,57.69962350502791,79.96947107318447,59.3005788232127,84
9,7,4,No,54.88516335976299,60.74493120669326,79.41649094739819,94.3110648789562,49
3,5,0,Yes,71.30405292926659,46.2873000076593,79.25204659185567,83.54046837047242,46
8,7,0,No,64.44410393458743,47.92410202564666,66.95377564497144,50.65357090741502,70
6,4,1,No,61.113015702859805,74.4209573189652,87.8947912002971,73.39083208653679,37
7,7,1,No,80.5904054829502,84.29820819615951,86.58653744651153,82.8430425756965,64
8,7,9,Yes,76.71941458117469,51.53722317413019,59.062127232188736,64.14612455981948,70
4,7,2,No,52.31025802472909,47.232809659320495,82.16372915356567,49.76250829430522,37
9,7,4,No,48.5361915539496,71.81666918307975,96.0,74.13271380224806,42
1,7,3,Yes,76.92589357527261,87.10575239516602,95.82480573508931,64.27157750431653,54
9,6,2,No,36.13908334725575,66.41159495329102,68.23257000555955,82.57871044549249,37
4,7,0,Yes,49.89509190937108,63.68507675142264,95.36387843114542,60.571430598592045,28
2,7,8,No,87.82271571790736,88.13152292375018,64.4470937572285,46.465119079209394,72
8,5,2,No,51.62378295173555,62.76714006041865,71.73631314974662,82.72756484581373,44
1,5,5,Yes,87.39966139968836,48.13860997208794,90.0,68.30573519092573,67
2,6,6,Yes,91.8011801268938,94.8691211723164,87.3151772066177,66.33030641065275,60
9,9,3,No,63.81610004532667,75.41019592566902,80.03913941320236,62.79708582760968,61
5,9,4,No,82.36237910438534,80.0384274860205,92.50558084389904,82.92909955841701,73
8,9,5,No,51.24087629651157,83.6044499157587,60.89218119522005,49.53134580024895,40
3,5,9,No,93.81820370022604,83.55757689866168,94.83823618788996,61.503245247722255,76
6,5,4,Yes,50.49920183362793,65.15702276146257,52.743949854864255,60.596836008809824,45
4,7,8,Yes,52.94187126292124,64.52365154229395,58.52098546885814,89.18809807914175,45
7,9,6,Yes,77.74692308299475,51.93599799955301,61.21273392175485,77.64458430773787,72
2,7,8,Yes,95.523485275806,59.0332666568194,65.7995827871693,92.4383295763904,64
7,6,8,No,48.89268650975418,84.57769054514148,67.33889001494839,82.90985321966416,42
5,9,7,No,81.77597442901093,96.98835144756438,68.99135671750419,86.03552711232436,74
3,4,5,No,42.766691894413455,98.63511115600124,57.45038092346208,79.73080174109099,20
5,6,7,Yes,77.46437400113835,78.3298602471484,72.70610371457107,83.92858287067327,72
5,8,1,Yes,40.59830281624379,62.62055425869744,82.30920203899244,49.5516257870927,35
3,8,6,Yes,60.78716751673332,58.615396275030406,71.75637243085468,92.09574733630777,52
8,8,8,No,73.77976352789109,90.66918726248146,66.10546398418823,90.88311609462724,70
6,9,9,No,45.62051026847334,81.63090992799937,83.86172894388254,75.95282548628911,29
1,4,5,Yes,71.608166404202,78.55090403123918,88.80540614320002,61.10976961904643,48
8,9,8,Yes,54.831185913601175,85.99117960042268,96.0178921632146,78.92022687577052,55
3,6,4,No,68.87167064920379,85.21767098347155,73.16564488121453,90.36029870743546,52
2,7,0,Yes,45.64159602671655,80.65310115959574,88.48783561129119,87.45025772208385,34
9,4,5,Yes,94.73053627649568,48.23466352265507,52.16023777118337,97.12178316561584,89
2,9,5,No,65.1435261961617,91.5016824986958,74.83943152913741,63.5626509364372,45
9,6,7,No,83.34640001362813,93.60649838678157,59.10325858391167,83.95234409041743,89
9,9,6,Yes,37.5661003088,66.4287519206717,94.0561875118387,80.9729264170406,41
3,7,7,No,57.569718214920606,86.7987539704803,59.02305505034256,93.24195249042646,43
1,6,2,No,62.5875713226653,67.33101542414059,59.466243801406165,81.74823566876363,31
9,5,6,Yes,65.5518621478685,99.23749708287984,56.2103249413597,79.7523229926482,62
4,5,4,Yes,62.792159829432,40.43884625939383,92.50647217588678,83.20392845201008,48
1,9,2,Yes,89.598303778496,74.88488283209094,80.29216730866081,82.45824080632337,76
8,4,2,Yes,85.12022001753846,49.28398789018774,58.82675881748162,93.0,70
2,4,8,Yes,71.9532822725455,84.81757293115882,69.64287504332502,55.45103801084948,56
2,5,3,Yes,71.69583049680074,62.87865969992164,76.46133636868807,44.82009479155977,53
7,6,8,Yes,36.131102552685,54.3304113146743,78.11400271257146,91.5769141889133,35
7,5,9,Yes,61.14602429930148,68.82192071856868,61.68586365220198,76.43237219423703,55
7,8,1,No,94.9272120318636,86.99698964033014,96.1234150433,76.7026765097518,82
4,7,3,No,62.61544075711684,68.0575356798506,63.51623117181939,76.05931760778488,44
4,6,3,No,79.77480770740551,56.02619940815776,89.40673282667959,47.9484137551199,61
6,7,3,No,87.14981826997897,98.7226639697628,55.69393433920077,93.83722915143996,69
8,8,8,No,76.53104128905522,76.43663611310411,69.61525432863269,86.86440423682194,75
8,5,8,Yes,73.2363699680047,93.88748412514742,70.75501158871042,67.60871448402312,69
8,6,5,Yes,84.0256290355509,52.04703278068449,80.05580834930582,55.97591553727299,76
4,5,8,Yes,57.92539035738358,71.3669703364038,47.74137121547587,94.30724903460067,36
2,6,6,Yes,64.24618655570129,49.094124390465794,85.03281784060565,52.09988708744613,44
5,8,0,Yes,87.16858797766673,58.96733348481945,62.790382266016415,85.21444144419992,79
3,4,1,No,44.147820583725455,67.4187007145876,91.27984415128046,54.89269681930253,18
8,5,4,No,46.74494318154448,79.01551689259573,92.30759653324117,72.46469570366912,40
8,6,7,Yes,76.07339231056555,84.47981643518007,79.25142139397846,91.77092677887173,64
8,4,8,No,63.84020428298422,57.06792753407418,84.1864875384034,86.7397109461753,57
4,7,1,Yes,92.43758039094702,74.9754931939775,79.37640152493015,69.86100316107085,73
7,9,7,No,93.84445476637524,71.0263015666548,58.9905130958306,91.03521512329604,86
3,7,6,No,59.84082325915335,97.0,91.03527033632456,67.49812624931504,33
2,6,0,No,62.51566394740914,64.09591344928974,66.61661187629798,60.24610311073097,40
6,9,4,Yes,86.12968298906347,62.413908988450544,79.6657880352983,88.0,86
2,4,9,No,69.02805645342359,67.82576338794698,88.20720107449978,85.18195895303951,40
3,4,5,No,53.01494621120365,76.891218094409,74.27537821647586,82.77812642701457,32
9,8,8,Yes,76.48901006734798,68.34720204485632,67.79628826260209,70.2417941526312,68
3,6,9,Yes,78.92178435056847,91.3788521467699,81.0441735051388,54.98442171169834,50
9,6,5,No,60.63933364897802,75.28898986425375,80.88382457205358,48.95896252380169,50
1,7,2,Yes,75.17939622387509,98.899520540638,98.56526800296434,82.76867639482592,51
1,9,5,No,56.41204843741012,54.73130679812163,79.04090296787462,84.58008746728531,32
8,5,9,No,67.07045812936865,76.78727794347571,81.52127046536414,83.83691770280856,64
2,7,2,No,73.34582984017968,96.34500604692772,94.00144378266307,90.67661565779562,52
1,8,7,Yes,89.558541418331,55.92013224523673,55.27178904292793,60.167874090137445,64
1,5,8,No,43.12156133832927,89.58291746073748,56.9369579147602,70.70478451565444,24
9,4,4,Yes,84.98031134202905,64.0966415276677,83.49003837775673,63.353320278281,75
9,7,3,Yes,91.17996026817508,87.61431236700048,96.6016956360211,67.25464605511007,93
4,4,0,Yes,96.01869063494584,93.44349708658702,87.61858873170452,51.96191933044317,76
7,7,1,No,67.17623044608929,65.32609199450877,69.92769212855757,94.0,66
7,5,6,Yes,90.65762814695518,68.72747614853891,53.1537216858562,60.98067864494329,87
8,5,0,No,66.75730692038726,64.25206152230975,71.99568678754167,86.28678232578213,56
1,8,3,No,57.56879182050166,52.54904469000427,68.59229605107836,70.51095257979965,23
5,5,6,Yes,88.88585524690104,58.03494655278623,57.884928643713216,99.58404482350213,69
2,4,2,Yes,98.36397189264308,44.25540230046452,89.41022359861489,73.85125491562914,75
7,9,1,Yes,103.5380061800457,69.58619843141203,45.15041576993526,95.9655807289161,91
8,9,3,No,53.69322563407787,83.80227045830256,97.40208704402572,52.31332962820676,49
5,8,0,No,84.05738399298077,53.42836039053722,69.62676191161164,79.47109171216488,70
7,6,1,No,69.87822422691889,54.272115307170274,83.40589112892485,87.0,50
3,6,4,Yes,57.46790104705497,77.44402494726839,57.868591782850906,51.10489640503574,36
5,8,0,No,50.18318491077996,61.091896600447306,63.56514289130312,62.79153018422543,40
4,7,4,Yes,49.79730261296636,43.801685764786086,50.42145922630492,75.44993449479796,25
3,5,3,Yes,97.94736828160453,68.03049194429968,92.0,99.1747855949354,71
9,4,3,Yes,70.71329452779699,88.94284725846146,86.28982854524203,77.4100898565159,64
5,7,8,Yes,40.02187748820346,83.02063901795381,67.89075018678645,71.23594345324406,30
7,7,4,No,42.342795214724745,73.84321749963534,50.17120142264245,61.057534613427336,37
4,5,5,Yes,80.38007725280129,87.13978626638733,87.0,58.074862264012175,74
6,7,7,Yes,98.92441566451222,69.77780395107503,63.75056495876101,88.82408190190785,86
5,8,3,Yes,99.7453500104273,89.86555314956277,53.78710960495742,55.8898603056766,86
8,4,7,No,64.94520482546264,80.36986310675879,77.83851692857628,77.8775365736983,59
9,5,3,Yes,79.60582186498499,82.82909409591623,94.87877111159128,95.1606176822691,86
7,9,0,Yes,33.579071813497606,63.30992561169317,58.13781461549852,57.799727614708026,32
7,8,8,Yes,95.67399324482868,55.51989763480185,54.89069674597728,86.54291411280384,95
7,4,5,No,55.51776477843269,75.44736196360577,92.16343622763316,57.41423601373277,46
9,5,7,No,96.57301743191144,87.35573670753705,52.584653855810814,88.19841582150782,95
4,8,0,Yes,59.75556614779513,87.17863810226294,64.75748315078125,61.11580693808121,42
4,7,9,No,70.87959738130958,96.69914268093964,68.73724248301144,84.96917360208386,57
4,6,7,No,57.4213147273956,90.0,93.0682449866506,63.20900198069761,50
6,8,9,Yes,85.36091859050367,73.95471662045776,75.90786705846901,63.67021621432767,78
7,9,1,Yes,92.85952084491478,87.48006070738445,98.0,77.01119299264991,84
3,8,1,Yes,72.57175951288482,92.18933845841516,90.30373097397364,62.98845525074519,54
1,8,5,Yes,63.24543862949139,99.2551043115405,60.65973068813781,77.65579946561839,34
7,8,7,No,87.87900553551074,97.06931381054336,86.0,56.894435394406464,77
5,7,8,Yes,93.3835802655886,86.28092035321092,65.0940258349385,77.40233004029437,79
3,5,1,No,74.7534124763071,59.162663860315966,64.01669003285585,47.68275339929777,49
7,4,2,Yes,83.76873304021933,91.04945373265876,83.591731609333,83.23522789378511,86
2,9,4,No,66.3082003568168,51.93800069922125,60.44067495872074,49.23058246370408,42
7,8,3,Yes,63.9587322716074,86.37731465476615,47.664487616759295,74.65021265909414,49
7,7,2,Yes,44.95680509855419,95.0,49.94337582406456,60.0267012239686,36
3,8,3,Yes,61.3951715176431,63.33836683620876,77.02781563646302,84.84043291333761,42
9,4,4,Yes,37.61344524806909,83.77969894815158,91.8497231467175,65.03842924662442,44
7,8,2,Yes,71.84374003471754,71.0952126137542,72.35445442259694,87.60480388880136,56
8,8,1,Yes,76.15020291597685,70.07019717059809,93.0,91.12649254817588,67
4,9,7,No,83.42721100879808,62.39363115418789,56.57403625833481,57.92504947572023,72
5,7,9,No,53.73708776638734,94.3214222622848,60.214241154670944,75.59033104755699,34
9,4,3,Yes,60.76073151844199,93.7676649460674,64.06796312883073,68.94381526851654,56
4,5,8,Yes,52.28240667205996,88.30428543287653,58.98294588670732,68.34052364516573,32
7,8,6,No,78.27473981425717,53.87339983814692,70.14331231671376,87.77187107536595,74
5,4,8,No,68.19567156862787,95.0,82.83926879518337,82.52612687189523,52
7,6,6,No,101.39144360097512,84.55980175990705,92.85687401564198,88.15244098358957,89
7,8,1,No,86.9575357118111,67.84770656015912,98.0,53.89774344021176,72
8,8,3,Yes,70.38756117313663,51.604409659746594,60.15178236228107,68.15499497760108,76
6,9,7,Yes,77.0211000238504,60.661356647388736,85.12567591469313,57.05956709149459,61
8,5,7,No,50.40485270676552,90.1465283274322,68.59126032774842,94.72625233283269,54
6,5,9,No,108.38193414247904,81.02780846418561,50.35180494788071,75.67177185447038,87
1,5,1,No,80.81425798883193,89.8078030875623,92.81489443760456,81.45606847466308,50
6,8,5,Yes,57.99110048321122,70.52636212442582,77.62732085414757,62.429104148439976,49
7,5,2,Yes,77.20692256831714,84.55122173777934,51.18393968165877,67.12696430262217,58
8,6,4,No,51.15538134203271,49.02422196634205,68.93104380789478,62.30051606075018,36
8,4,0,No,40.00208451536625,77.69500981968515,60.78640104382176,47.48734167827554,31
8,5,6,Yes,54.924400277214325,79.78265876094771,90.36537362958715,62.07285913100853,58
6,4,5,No,39.77172503820348,35.052632916832295,80.8715317347209,96.73329546562012,36
4,4,1,Yes,61.181516252069976,92.40787899854364,99.0,88.0,53
5,9,6,No,63.2293684830268,61.90749304490013,55.56559805979381,68.93499229890209,53
6,8,3,Yes,62.10935349204181,82.48965200569614,82.0904941731281,72.80251977126154,46
2,4,0,No,85.51086619530648,64.27514675459935,81.40697871333857,44.50512432350016,50
9,6,8,Yes,89.42081804654958,73.55650921784313,71.37938798487158,90.79983455877634,80
4,8,6,Yes,73.71199871921642,53.06047335706127,57.17817732002211,56.86622845776296,68
1,6,9,No,95.46489414556258,40.40729548252188,85.55162064740951,99.19236071256005,76
2,7,9,No,71.21806919959926,84.86102040160938,95.0,79.16372645628637,48
6,5,7,No,60.10023796831669,62.45445287123191,99.7693734101386,67.89972162896875,50
9,7,6,Yes,48.89916454997744,96.14909468699052,91.49341495815712,87.22332219270899,52
5,6,9,No,63.96129720039517,91.0,95.96736721673786,53.586889919105445,44
3,7,0,No,64.44375173713823,62.95964319647248,82.41955222084441,79.79392385532348,37
8,4,2,No,57.8142750507723,70.92444653130288,97.0199509270813,80.0941753584093,48
4,9,0,Yes,45.19919132683509,73.64132513472615,62.62685529423505,64.38360163363373,36
9,8,6,Yes,52.44537759159749,85.0,73.94510515116923,82.824517296183,55
3,9,3,No,89.39197317536934,98.54154622290176,61.99179790194484,83.04107922775124,69
4,9,9,No,41.88399131859486,72.82237103875218,79.3367801956025,81.74010092794644,25
3,6,4,Yes,86.59630892434585,99.33316617234496,69.63354808403908,51.26778856425223,57
6,5,9,Yes,92.9725931775774,56.04368707720792,94.93806824430582,98.25181965295825,93
8,7,3,No,89.38551036188477,99.25198154185205,64.95932518076907,53.33265654510472,86
4,7,2,Yes,103.16622681329126,92.6698257855326,50.49735488302375,60.05839323631059,82
2,7,8,No,69.198481178761,59.24718654343772,81.28758114916333,58.86897815918764,52
2,9,0,No,98.781394137504,54.241808019946696,54.85188165818962,44.10960639962819,67
8,7,0,No,48.8802393968245,50.55759224389684,54.06935654314095,59.57462055219632,50
9,8,0,No,57.85258760413724,62.314973265512826,53.35308237217142,98.03139579864386,49
4,8,9,No,67.60035494255365,97.77949947925984,85.76231786368542,69.38868465471512,61
3,7,9,No,71.78857498597681,75.61928187212192,73.7744351801355,61.26614990744845,46
5,8,2,No,71.03388208636585,64.24320491080343,89.33254959463811,60.30117631111552,61
3,4,5,No,75.50618568342134,60.59066077091453,85.7290307434414,77.75811249813862,52
1,4,7,Yes,44.96651497627878,100.0,71.35975230728512,91.9431764424906,21
8,9,0,Yes,54.22286526647814,80.685423604173,65.42734760333366,67.13893277662895,44
1,8,0,Yes,52.711437241117295,74.1599043559473,63.29851254260156,51.38272098725565,26
3,6,9,No,46.46288105316952,59.978498939116335,93.0,56.76888124123275,26
7,5,0,Yes,64.84352035672426,87.0,48.015455983743855,40.75742076000851,59
9,9,0,No,45.38581271651733,88.56518816649898,53.99575841261466,53.62159339388511,47
8,7,2,Yes,81.73194961349864,68.87929625000429,82.01449572868043,71.77945944295102,84
4,4,7,Yes,57.867598496994496,50.99963485988199,74.21525898455604,63.86129221947947,38
7,6,0,No,78.62062284941179,54.147469271514026,62.53121134509895,70.27495341325812,73
6,9,4,No,108.85184999385956,59.20240195942194,73.26523423741165,63.333687721156345,90
9,7,1,No,81.16121660115726,79.1911488272713,98.0,100.0,72
5,7,0,No,59.76466661631371,97.78178987493774,98.2711341243353,90.69856131318434,44
5,5,5,No,79.93388518334206,70.734048306402,86.85039725165447,72.94945625085884,63
6,5,4,Yes,93.58486779632337,81.23673938913224,69.19283534405017,69.64297766809877,87
3,5,8,Yes,75.18241373194924,88.19221825806821,79.820999066894,68.10790397841785,57
5,4,5,Yes,57.80748944662425,87.54394507949115,95.0,70.3382078905031,41
6,7,1,Yes,88.83968542883204,82.72794034090494,91.0,85.02688352559593,71
9,6,1,No,50.63016999343876,62.80474056726311,57.24344103738812,76.10249661043872,44
2,6,6,No,73.18277251948977,63.86809914749063,90.68329089369368,89.40478250513003,58
9,8,3,Yes,99.23922125425172,77.40272594039943,57.84737830774123,86.87373874549797,92
2,9,3,No,69.89826463962231,54.1452859578101,63.82069106983487,62.987123208748976,47
2,4,0,Yes,58.94762859356791,70.69341152968575,91.12095075438457,74.69979960604472,45
5,6,9,No,92.09618530067164,75.87591178791037,77.18508380666451,63.5451549989828,77
3,4,1,Yes,76.72742640396905,89.0,93.3887916698766,55.24417043575407,50
8,9,9,Yes,42.52673827482827,68.50696548165858,50.26193108800102,79.02869926369384,44
7,8,4,Yes,66.74330386634202,73.76056724415773,72.970425137171,66.20608469148499,60
1,9,6,Yes,83.80629873551949,74.29060522586289,96.67553661419085,99.07474328490554,56
4,5,9,Yes,62.51908970773052,87.28694001343132,86.76223081422947,51.69004472700753,47
6,6,6,No,107.57297351094368,73.17524986319661,61.92809914014761,72.78462741260022,84
9,9,8,Yes,87.81223521259902,97.60162493262644,66.15090776233875,76.36769093531274,90
4,8,3,No,57.0220206751396,70.88058179237727,80.69804899577352,90.29074813856025,42
6,6,5,No,97.64071551429568,84.23994349546857,47.91854224405539,75.11195016023476,74
5,6,0,No,81.66260215387942,80.15115716060599,85.0,98.59591301067935,56
3,7,3,No,78.35999275463386,66.207138562549,99.0,91.63933958089828,57
3,4,6,Yes,63.854049355456056,48.96207735735514,67.68136228615191,63.913904146284814,46
9,9,2,No,76.45351775750865,52.18830620133111,51.89342990220334,54.901292079656535,77
5,8,8,No,64.35806667163948,51.82414687528608,51.53957412517762,68.20411234636806,47
4,5,4,No,60.41067637346944,78.82126822963247,87.26848138899149,90.48402094533846,36
6,9,5,Yes,63.63967682669832,56.38700633565383,54.3669219667062,76.86488194986839,59
5,5,7,No,82.5077612002596,51.94664564850357,74.75795817781214,83.01001119270273,67
1,6,2,Yes,48.31141627679627,82.31023446429076,79.46542334454703,78.23320349399556,24
9,6,6,No,57.55011579597322,68.76081208707976,81.32499207027209,56.133922842966186,52
9,7,1,No,91.86402125202846,74.92330468608715,59.19308077662593,59.27902407324794,90
4,7,6,Yes,61.00674677409753,63.83212042366538,64.65067380695626,68.35333056314121,48
9,6,2,Yes,98.70004389287708,97.79148441913058,93.46894992377564,85.0425248605304,93
9,7,9,No,52.32838634512525,93.43823128408016,95.58699324192968,88.34232677116465,57
9,8,3,Yes,60.92784729209469,86.0,88.80269897231193,76.48932718052666,51
3,9,5,No,81.27904176096568,75.28753877384504,44.689454454802906,71.28268730591256,63
8,9,0,No,45.464609796612535,93.34210986328384,63.09168971385386,70.51244999477667,37
3,4,0,Yes,84.66738237789454,58.42419314581277,73.18094766230858,79.58327771752624,67
5,9,3,Yes,105.58152300727728,54.093757868346415,68.4341606024253,66.24220645905143,88
5,9,4,No,97.23189589980542,48.17144116463562,100.0,60.02509535849252,81
5,8,8,No,51.53543022366826,81.02328619446543,87.11504911835102,59.15108154152048,35
1,5,5,Yes,39.27114762860813,75.9585627798376,51.27392138248068,45.54055707946443,15
7,8,7,No,91.53687119377663,76.91278248531061,92.61318319645832,58.37572376175599,79
1,7,7,No,42.63606859978536,49.08337724112653,86.39935247626036,48.68461312570897,20
8,6,0,No,57.76020428191753,76.22867295233935,53.82384723222323,82.6417925634408,39
2,8,8,Yes,56.70033307166159,90.0,76.8944828038672,52.2134936728865,26
8,7,5,Yes,100.19661911372786,65.03228642556529,58.64048470937805,96.07284625305029,92
4,4,6,No,75.98246259586969,89.99292277150005,68.54347913361146,56.23945513759698,54
7,7,7,Yes,55.14212901877612,57.53094697547316,57.31179986604518,70.66302907139351,49
4,5,6,No,55.76090827214744,83.88946591211372,74.7239716055404,66.95537331802895,33
7,6,4,No,47.38970565730637,84.6087585408329,95.69884638501964,56.80118115633842,37
5,6,0,Yes,37.05749776476471,58.25763002587624,77.1393274951586,96.39447781616038,26
6,4,5,Yes,85.94401273085626,65.71033487375672,58.7522425913896,46.2698259683122,71
5,4,2,Yes,52.46040738652229,69.9888725678916,75.48123846042995,92.38036865009596,44
7,8,8,No,42.31270096950961,91.67562461641268,66.01755574299119,98.1732696392496,31
9,4,9,Yes,31.45515330815364,68.94245981876637,91.11333069604596,81.0529847042071,35
4,7,5,Yes,49.50956425609574,58.41801648565302,67.43017469948623,85.44569957675138,31
2,7,0,No,72.74136318881085,83.44471538961784,65.82256644721883,79.0214983811106,48
6,8,6,No,51.813851175978286,91.1959196603286,67.55817015021582,63.05821477073551,43
4,8,0,No,63.02864738422706,74.06964327891134,97.14702722896216,78.53306759420106,45
2,7,9,Yes,45.40301597981584,70.34839852664332,61.781931178650055,43.70614865222347,29
5,4,9,Yes,56.02649463160907,57.74488987104977,99.44971212197066,49.76141797166664,37
5,7,3,Yes,51.2994046042661,87.48722967811115,59.93381872919697,72.28870080785981,48
2,6,1,No,41.35621743684309,57.270657888716,74.7459335526806,89.16218710253756,18
1,6,7,No,94.505842659396,95.42280706008076,71.01858178792246,90.66995662372638,74
7,8,4,Yes,93.82194540953122,74.50852451705256,92.00300655252116,53.14552260898213,85
1,8,1,No,65.60489137378607,73.92080188046086,99.0,94.54738966686996,36
7,4,4,No,51.43395995623248,68.93550175301502,63.17735995923056,56.53995809239132,36
7,7,2,No,90.25109495127258,92.76369745198105,64.00245999648905,70.50222697828907,86
7,8,2,Yes,81.93450587807496,90.02465973443519,55.8611133082304,65.67889608582638,64
3,4,9,No,44.43731755976763,77.1799105104193,76.84365349789617,67.84047211637099,24
6,9,1,Yes,54.143938746517264,92.60186177836616,79.6064066827603,60.13219013418864,44
2,4,3,No,72.61739407602725,73.9265529077412,98.60129430348766,78.25769816015121,39
7,8,6,Yes,57.70551897508047,73.32516414288337,98.74804083109638,82.05895888942531,56
6,7,5,No,95.8155197710448,54.509170833616935,69.58421830103282,76.9847674218853,76
7,8,2,No,61.22919964000161,71.93680792516446,74.1955677931226,72.52223535093798,46
1,4,5,Yes,47.88378369893735,70.57470148939755,95.7401632729748,81.1408848446075,22
1,7,4,Yes,75.06589218821591,97.15573038415278,91.26314595505784,87.38878013241313,55
1,9,8,Yes,57.983323142818485,61.44154030724869,47.23094104723855,70.18030357784734,37
7,7,9,Yes,63.487733479288,98.0,58.27671097065168,60.81050394380722,46
2,5,5,No,58.901804791917456,80.04124563479333,64.89090674312891,97.0,35
1,4,4,Yes,88.5399542780582,88.30065696298412,73.47741823450451,75.88979099154463,63
1,6,0,No,72.7478941974144,81.01022937641987,60.553299817388485,69.14486533822601,36
8,6,4,Yes,57.99122224016295,47.0146909393911,61.62609273964566,64.12362413309656,55
2,6,8,No,94.64786626748462,67.00660212131224,83.94218702339414,89.79175982381163,70
6,7,3,Yes,95.66307516450922,58.60557720881526,66.43452579465976,47.60523606085285,83
5,9,1,Yes,79.41529691094019,72.64514079092679,53.26493427149501,98.61609048941136,64
6,9,5,Yes,56.01079292467275,68.14570665828741,56.35526384417764,62.07924267124119,42
7,5,0,No,70.02633933011805,77.22151261834023,89.27091947348744,77.78181515130194,69
2,5,0,Yes,89.11884327184285,66.77655873498998,84.42401846871033,73.35945920407322,68
2,7,9,No,39.02480588454666,58.08049194677488,73.33618943150155,67.49664591961294,18
8,7,1,Yes,57.81232188208708,72.69370552365817,72.39885830648274,99.56559279928324,56
5,6,9,No,83.5723077178603,92.8121387423183,99.69556550775074,74.2960749185943,69
4,8,5,Yes,59.435450610909285,85.26932148819003,64.4227982975516,67.56671535235567,34
9,7,1,No,43.1635713023536,75.84293186730261,57.77143049858534,58.79368224954788,44
1,9,6,Yes,59.893486243164446,84.52053818215208,69.90797908964183,52.39284601761651,30
7,8,8,No,43.96066328005208,52.17327102481321,59.26329089091752,60.88681152411032,36
7,6,3,Yes,60.659772844855055,90.81145350085762,79.67802905451651,82.68429526376548,55
8,7,8,Yes,86.5182929906424,83.42890380076614,90.9985499576589,51.85604787869549,90
1,6,5,No,62.42470220723741,68.74857092708697,85.6897060304999,57.0977964359244,34
3,7,0,Yes,56.39755316931058,76.05701744315165,68.55999180151908,67.02205456103248,28
5,8,8,No,50.36096788465761,58.9068608825084,97.00012507741884,81.95625488573613,31
2,8,9,Yes,42.12514329221382,99.77462583027985,50.94740612918812,84.70474055945145,34
7,8,1,No,59.20703630086231,54.406860742451386,63.14170957079345,47.11430218427602,59
5,4,6,Yes,95.54491831056556,82.27818162555631,82.02555492203206,55.32034293905762,82
2,8,0,Yes,91.96611471180807,57.53743898380292,81.71951903847975,95.36877164536604,61
9,7,9,No,39.70857160930867,80.45294955002349,56.38921016182611,52.581156343309445,46
9,5,3,Yes,64.78811634286491,80.09890777771155,68.61844507677054,87.89647452457996,62
3,9,0,No,93.21397433753316,84.70697966056375,80.52205376396783,93.5423745741059,76
2,5,9,No,36.83492898949876,79.08854765524988,87.02599911509587,85.97274153021434,20
9,8,8,No,60.9423541476844,98.08859260956493,76.45554620943818,57.68253464418439,50
7,5,7,Yes,45.7184516976929,61.759799967372444,68.6421173009696,91.0,35
5,6,5,Yes,72.15871046854366,64.57125050102219,56.01462967866904,90.36176828168132,55
4,4,5,No,87.03396963610122,65.38287052570462,67.48791369483085,80.77046595565773,66
1,5,6,No,78.79031243408255,94.36637216911278,54.76915239032357,65.88858116529555,57
1,9,3,Yes,88.83009886147555,68.78818070516061,92.71942051094254,76.34509133470557,67
9,8,7,No,54.07307417413638,87.43343907832579,78.05017155642268,45.95341602715068,47
3,8,5,Yes,93.67737800915933,87.12289387874763,79.20828229853703,65.70475195847388,71
5,4,5,Yes,36.47076589138606,60.86117842208308,91.55699404869408,84.78534448714565,25
3,5,6,No,71.54682650649237,52.77437961159315,76.41009205459059,69.56111958161446,59
7,9,8,No,86.52209594553527,67.95608026813012,68.20224708334806,66.83307767898626,78
7,4,8,Yes,76.4096154787198,65.043198561443,89.8297143125535,71.16620103760587,76
3,4,3,Yes,82.38283788771722,67.01023610723335,90.3454632059984,87.46236022005688,64
7,6,6,Yes,49.9246537749948,48.36699801546846,84.81281574989696,87.93094722794977,38
6,6,3,Yes,62.83139986418485,89.0,58.57587171438799,60.0476469102918,53
7,4,9,Yes,95.66314230308882,93.0,75.37969690309156,66.52643654671499,83
8,7,7,No,46.94212770428444,68.8088117208571,79.11496882838306,46.35616545680448,36
4,5,9,Yes,84.72588512181294,72.65779461621018,63.53867804536453,80.41659252621797,75
2,4,7,No,93.613124872018,45.14692897458784,73.03325523130783,99.5723910801415,67
1,6,8,No,62.01782998236765,81.546787878779,99.59682116455818,96.5984507446393,34
5,4,9,No,49.16568065836328,87.09230124824515,49.25357340519285,71.52315709688327,30
8,8,6,No,91.34593130355458,57.54689405630681,95.15214401091907,96.0,92
7,7,0,Yes,69.58610572949691,56.88012943041081,81.85365784176412,45.64295290643491,54
9,9,6,Yes,84.18513746848295,93.0,67.08620131816679,79.34566621434871,97
9,7,7,Yes,54.32580538980072,76.94659481159444,49.22743983375542,56.80019404918896,55
6,5,7,Yes,89.56043841623152,46.31231852736353,96.36686129479934,92.37638277555476,72
3,7,8,Yes,76.18845945991359,74.45130287916525,62.654598083406725,77.3461880982326,74
4,9,1,No,90.69518882294564,55.51908279792743,76.74612506832467,89.73438018148639,78
1,8,1,No,45.870083303229535,64.94487998055698,78.41123793097928,98.04898556444294,24
6,8,9,Yes,54.749250401815424,90.48119094476831,84.46652005257327,65.1619855980339,45
8,5,8,No,37.233643522701726,90.46388007362296,95.0,55.02688411612692,38
8,6,3,Yes,54.34434489980611,80.8589168547176,79.43464896486957,91.62715722153538,53
3,7,4,Yes,95.83400162532124,98.39024416068632,66.62414908267056,62.03870216188941,79
6,4,8,No,81.83180612751408,76.78490297460914,95.3790170640619,57.89964849298187,65
2,8,2,No,91.6493745782551,87.68271693566798,78.1322149590946,67.91258273033745,72
8,6,1,No,71.05167692578235,74.88058781054957,68.49273059894465,79.04392831427072,56
7,9,5,No,44.91020006717649,89.70615533280825,55.414415730208766,57.447087648668685,42
1,4,0,Yes,64.32332844945401,95.72242604224296,92.63826304788316,57.07550663109906,44
7,6,9,Yes,68.19550210467929,44.83954958938166,62.70517552526292,52.84151954002608,63
8,8,1,Yes,68.80304480473421,91.27350482103336,85.0558854446135,64.88734175631343,64
6,4,1,No,35.33655416983204,84.85937020599428,80.71009560403192,89.55589954525568,28
1,7,6,Yes,59.1028992391248,90.51136316975628,59.5460507416898,91.7553325778324,36
9,9,0,No,60.197864161697886,55.7342982683673,79.26313157384992,84.09762067112412,65
8,6,1,No,64.56778606769456,94.01886989249088,60.34429101310251,57.74130760258116,51
5,6,6,No,65.32302385830754,90.0433638391483,65.54909507431364,99.70212998526549,51
4,4,1,Yes,81.19783398669648,59.64209542940836,75.64128982964937,81.14275781880116,60
8,6,1,Yes,81.83956094061605,92.97839343114111,69.26975691343321,51.99504416786394,74
8,8,2,No,45.12915984970874,39.9099199996041,82.73245024622125,88.0,46
6,8,6,Yes,88.9490725010055,51.36202414997019,88.54799508826592,95.13480884727454,67
9,6,2,No,74.27316152100353,71.41332796599411,93.2603348550693,93.29574331687203,72
4,6,5,No,82.18223717204111,83.84695587020613,45.82456044203937,73.86214496387996,55
6,7,9,No,67.79316498178478,83.5805115927762,66.8377723774351,59.92307298513983,54
8,6,9,Yes,41.55266900627678,48.71094665299167,73.78560541097956,60.39569900760506,45
4,7,3,Yes,57.45790339874707,99.79859830068035,96.0,72.26804800860424,31
5,5,3,No,66.80054101066048,48.39149491588448,94.77051299050004,59.68220618941314,52
3,4,1,Yes,74.02820879736356,61.93423444677046,91.0,69.0611304938603,56
6,4,9,Yes,42.50897266596839,43.52812614412896,57.99947255361652,91.025437808648,46
7,8,1,Yes,62.862208415774006,80.50498220380281,69.02222138385407,90.19255654340778,50
6,4,0,No,58.791213969330975,98.62590858553808,70.49383145108243,82.70097566062918,52
4,5,6,No,82.29547888981963,84.19070240535599,61.93769989044761,90.57978909079854,70
1,4,2,Yes,81.06331393214798,98.08951195638733,52.63740300104379,92.84820250369695,53
4,7,0,Yes,69.90230590121577,51.17861671752937,96.15795014458656,85.61320745101665,53
2,8,6,Yes,52.54274640960627,82.73937121554368,63.817563468224286,71.41275833603126,31
1,9,6,Yes,42.51719001441302,75.71256382299896,55.81306750917511,58.052485135983645,28
3,6,1,Yes,100.2621787553737,75.54429244657125,61.21111173316911,58.30204966203823,75
5,7,7,Yes,67.43388964352049,58.80489577193889,87.0,55.56864400380765,53
7,6,2,Yes,40.97474187136617,82.02508008426314,84.96629378903553,59.00634943362451,33
2,5,9,No,99.41543336208343,74.17801006403451,79.24752992798827,57.08844187725874,73
2,5,1,No,82.3603715154083,86.85032481019202,92.0,63.79622100538931,63
2,4,6,No,82.0068635607614,70.03298867565051,66.06608155644619,84.7893540224882,59
1,5,4,Yes,63.31483805605619,52.77866978985504,85.64466848906446,51.350946223674896,37
4,7,8,Yes,77.6748833157242,89.29316859311905,54.10771758311511,93.5643728666206,59
7,5,4,Yes,76.19274915346908,54.42004768602927,54.60124965218947,88.28363458685973,70
7,9,4,Yes,49.75568756574236,87.73365260697383,93.9056534072184,51.85080256882405,46
6,5,8,No,68.59846900723447,77.01847615556262,83.67733474226699,87.88365145952845,62
2,4,6,Yes,69.85649536173344,61.960392608839456,76.49671706339963,79.40754761140157,42
6,7,4,Yes,51.3061958017375,100.0,74.56881525656642,67.95936072888732,50
2,5,2,No,81.62769383070929,78.52798127043094,78.70085342006522,97.64867999313822,58
6,9,6,No,98.01461430149128,50.30630937213546,38.89422143066306,66.06052388453307,86
4,8,1,Yes,50.87018230980935,76.57744269364278,55.86515959588816,81.64065233526341,41
5,9,2,No,90.98699745481296,68.39338648578487,67.68394296132655,50.34599856113417,84
7,8,8,No,91.7141056301598,89.47969929477495,66.70362361418931,92.489616034657,70
6,7,0,No,89.45106450515226,96.02194772565105,90.10418055844956,74.33523314748811,77
1,4,6,No,77.42868003576044,98.57732646486696,76.01818313424376,75.23758973044959,52
4,9,5,No,87.97728406426279,84.76086204662155,51.6651283511129,59.39267513341477,77
5,8,4,No,50.56581217452148,66.30564621917087,76.50088239028412,86.08719700711465,34
7,6,3,Yes,37.45008639063026,86.17307812011533,96.79521692754386,82.79843534037514,35
8,6,1,Yes,49.78593776196787,58.70405480467336,65.70930442598356,69.16888760210303,40
1,8,3,No,52.56376129171834,71.90992178706153,54.01568911048082,86.9812997451244,33
2,5,2,Yes,67.18373008927054,81.57937952400498,75.9834229783546,72.13988373788617,43
1,6,1,No,61.47170668232233,57.37393153787183,89.76038505010025,98.0,29
4,6,7,No,62.731768710512696,64.63658259334137,88.26306146248814,64.12120733461528,43
4,8,3,No,78.16790665063779,95.01599937235316,86.15291625082239,93.50017118073296,61
3,7,5,Yes,77.89136129726985,83.30429574436167,95.9343736625432,90.03650137220153,60
6,8,9,Yes,89.38304240313293,51.91706113722238,90.8080980028122,68.35829499572115,83
2,5,2,Yes,95.54790422425224,61.16782305857242,73.83934671600377,58.97084445224469,75
4,6,6,Yes,40.84579325285455,63.36310574499696,64.37253246509245,63.47924391636232,20
4,7,6,Yes,44.26957354070701,95.4816791453045,44.39357669000088,85.10103747314574,27
7,5,7,Yes,87.48652446398724,55.118451344605205,96.0,61.579916319149646,82
9,5,6,Yes,42.479333842565815,82.99586422359822,65.66681860788012,76.72419286674908,41
9,9,5,Yes,62.121660864449375,54.90326444048443,52.41715160282945,94.18758850989325,63
6,4,2,Yes,72.83073859617227,78.69257176854697,92.6913803189788,69.31456534957657,70
2,9,8,No,77.0460160586809,65.36103182792434,61.8239402753811,79.61074969120581,65
8,4,3,No,102.88698179152146,90.43089321772123,74.35330331095518,57.224395202392046,90
6,4,3,No,80.72400311446953,60.62580531004991,85.99819110253864,60.00684693167819,75
6,6,4,Yes,63.52255792527695,85.46808377364137,72.51173811437384,91.96843497139686,56
8,5,5,Yes,69.40214600417194,52.31694600719529,92.79845059643692,60.467722554024064,62
6,9,7,Yes,91.18947967591006,76.21638780712593,59.39276610011791,65.81236137309902,81
9,8,9,Yes,94.48324519782037,94.76933343303654,86.32080757084867,87.64416666953149,93
6,4,4,Yes,31.98600232433357,55.38162252889789,76.73954832946298,68.81085708175458,23
3,5,4,Yes,78.51819605370707,91.70711902569548,89.00284846109025,93.13409902030185,65
4,7,0,No,55.26604099842445,71.33683791699148,87.0,89.0,43
9,8,2,No,59.109933667825246,55.95128337447805,63.50070785095093,67.58702986374244,70
7,6,1,No,62.03883775012424,66.138613359038,75.7092365214058,51.3375980115274,54
9,4,8,No,59.16802096650064,54.80787843997376,58.051721949788906,86.48587571009348,59
9,7,4,Yes,68.96060968177895,98.9415789974511,89.0,66.83697382169925,65
7,9,1,No,80.77838165871194,82.17955803820273,71.13982378487353,54.82069970592075,84
2,4,1,No,93.92694740307032,57.92983104404532,82.44296284018012,91.976781735837,69
9,8,7,No,62.26904251885298,70.87367008707926,52.889601181129294,51.16794751388104,59
8,4,9,Yes,67.01381535543779,93.8085032643648,62.62434820131517,87.65233922253479,65
8,6,8,Yes,44.841900585103886,97.6724985451656,70.18330096529486,53.967055457154665,42
5,7,5,Yes,82.88850662491309,73.19168404511066,87.29397488426741,52.23016014550137,72
1,8,3,No,47.04802351871813,98.78104903363833,73.29111677576478,46.94338108323527,30
7,4,7,Yes,44.10168833401566,88.23231623755788,92.33815794301412,94.0,39
7,5,8,Yes,64.77136525304336,75.12255323985858,70.84973045835847,80.27294406711478,63
8,7,5,Yes,98.08712574835324,89.72958094312742,73.5697185879029,99.88762749451182,88
8,9,0,No,44.20230649451241,75.23674056388275,52.9532953424026,67.23352319198561,38
3,6,1,No,81.43188791684199,74.2677463904454,87.20113316335143,74.03656261203402,61
1,9,4,Yes,74.11487676727427,68.04105019285002,66.02890921032754,63.05337498384733,62
3,8,4,No,75.35415521494654,88.86465149356333,98.3685255881648,83.2431229020715,50
6,6,4,Yes,92.55516673015818,86.82408786103652,91.77843905985809,78.31587458751606,87
8,8,8,Yes,80.44553544487664,64.01788801430766,92.04501302037956,74.90041625557166,82
1,8,0,Yes,73.66508934384072,69.4677793804021,72.66098933115302,53.71771980714393,50
5,8,5,No,59.76063940445406,77.82121474461975,76.78434361174074,98.47167225223684,43
4,9,5,Yes,65.74000619393951,74.42578521264626,93.79798966023378,38.795823069253714,55
8,7,0,Yes,102.64230144984428,54.11226069597112,66.21244143249287,94.8935324059237,97
9,4,8,Yes,90.90224315359406,95.85667205335172,78.07531345014499,55.696694408020406,93
9,7,1,Yes,83.36518150947228,81.98486930801374,55.90769238658868,74.04030830133534,73
6,6,6,Yes,60.83837310272132,73.73279246058853,81.62519502525237,60.70604707476275,45
8,6,3,No,74.63565988332006,52.6863399065703,59.018302310354,75.22596038068575,64
5,8,8,Yes,49.49304090845304,64.07169322897872,60.49325253570856,86.85025379218781,40
5,5,1,No,59.66407998813376,97.46210284266996,69.30280373685966,72.38304882273522,43
2,7,4,Yes,49.10941861338863,67.52567260688268,78.2367318631493,67.96645349574102,19
3,9,0,Yes,85.40164605632184,49.42928374952608,87.14854661220203,97.85609733879252,68
3,5,4,No,90.39853538285782,74.32585468020851,56.49088262039984,87.7044719865591,71
2,9,8,No,46.26769035075829,64.7826939226767,69.19633387628735,94.2233855916405,16
7,8,9,No,87.55285004400278,52.05531622966176,63.38632630281933,56.82324897934072,94
9,4,3,Yes,79.61121250672039,66.3696129517075,82.48190290625521,86.93212027594709,74
8,7,6,No,94.38273844891675,75.14923740808717,77.23087472198652,87.96660446931602,90
1,6,2,Yes,70.31495590558724,75.60729702474953,80.73193480476709,64.49446719120424,46
2,9,6,No,89.59116334378143,72.50491728551064,89.62413253408036,73.89227673630165,68
6,8,0,No,38.31887561972916,82.87580346512449,61.86319487387717,70.68042601732886,29
1,9,0,No,71.9969034362276,91.0,78.79476276237234,53.56458526722024,53
5,4,7,Yes,51.706003990882834,67.32705115265183,76.86269670389163,62.39305925918051,39
2,9,6,No,78.75853525093343,61.58104791917941,76.54821366873948,62.16405973698606,56
5,4,6,No,83.26768847667171,55.48444158014422,82.36854091429129,86.62418585745766,69
8,9,6,No,40.11473626306499,71.70832030280084,48.04413570178812,84.70892864667123,46
7,7,2,Yes,95.71636911978187,88.93432310217429,87.5491310147775,95.80876825317571,89
4,4,0,Yes,50.2482639892538,58.858596144139625,77.76751758165491,82.94867504792472,30
2,8,4,No,59.52242173588149,81.95291122997229,65.92510937121618,47.01471734162886,27
3,8,4,Yes,37.96366971638955,47.659734163931006,66.35053872998597,86.92847540491059,20
5,8,8,Yes,49.66927726342352,66.85271292501088,57.49713890003176,90.83582529164056,43
8,7,7,No,41.34867981258456,91.64408523155538,99.3947413142286,80.73575240113026,38
9,7,3,Yes,79.89827404485234,67.05928368787409,78.64651344603311,68.10013643339086,78
9,6,5,Yes,87.07312674351918,83.26569787751694,57.74506881109468,90.88359106808066,85
6,6,9,Yes,75.79326673936845,60.419671038220336,72.91788736046834,68.8923977954138,65
8,6,3,Yes,52.11524984803279,86.35835838117322,87.75094241897627,93.02069093605226,50
7,7,6,No,53.21636347780184,42.07647216442662,93.66650221153424,53.71031330688756,52
4,7,9,Yes,73.3269461589746,96.71335436790808,51.48537939680998,52.81570795097246,61
3,8,1,No,82.36655594189135,60.43836564692754,53.945954104269205,77.89271558183782,60
5,5,7,Yes,55.4495547993568,95.87295150632302,94.85800596567408,81.20504676850473,38
7,4,3,No,64.72251459799867,62.499148703675885,47.21918222959821,85.78570589970333,46
5,5,8,No,48.20606901982443,94.56692524298174,56.48202580014351,88.0,41
1,4,6,Yes,62.06930375126071,66.20391091211614,90.0143843673038,80.42320779906154,39
7,5,0,No,45.82046348690328,95.99799186342076,78.37155290098063,54.44279134532062,38
4,6,8,Yes,58.931056013116326,48.70609779900527,48.1272369944421,80.73928221600922,39
2,7,2,No,85.22096519411299,57.2665261613042,56.8818869188635,80.00958995504465,63
6,6,3,No,99.37933568943532,68.6825592361392,48.75306955997126,66.24569329252279,82
4,7,1,No,36.67592509396299,54.83532281446696,58.30058295329901,69.76439213826308,25
5,4,2,Yes,78.41641736763887,68.93274603945541,90.16819615140926,86.74631409605767,73
7,7,8,No,64.64446365510709,96.0,64.12707024807119,84.689381098399,52
4,9,2,No,41.11748183830773,99.11564202132529,86.09010707541275,78.4929606181515,25
3,7,1,Yes,95.2022806365758,67.0834093941502,90.86731728440094,72.79587689801843,72
8,7,5,Yes,66.20449468710748,98.3143890948321,86.57991389899365,100.0,68
8,4,0,Yes,41.522405249866175,71.96747065772783,61.33640114079905,83.19960478786601,37
3,5,8,No,46.27519060048777,70.29931744944867,58.9430392451333,68.5323567809903,27
8,8,6,Yes,83.09569345809577,96.76373207200548,92.36179205835504,59.04976700825439,70
4,5,3,No,79.35185158874658,87.53018797033201,86.37515786447142,81.44437395314456,64
4,5,4,No,44.78124139086341,95.16473400937616,58.86042202256646,65.15620743533027,22
5,5,8,Yes,55.860216652804525,63.475003848780375,85.91415859471697,62.04290693175955,48
2,7,0,No,53.02285548468049,77.16114996350034,80.93522239503051,76.59278076352427,30
2,6,6,Yes,33.75917785058334,45.98325830924994,89.8327980522854,72.28032055402207,19
2,5,7,Yes,68.46666735962845,59.729002861904064,52.87330856236771,97.8842598968244,41
5,9,4,Yes,59.93773567500834,42.519501455091735,76.73899940287829,47.30820772831556,47
5,4,1,Yes,79.7408422936543,89.0,93.68307825215209,85.58563133752094,60
